{"RMSE_C_bootstrap": {"1_50": [2.1457199686673225, 2.09033213176724, 2.152110285119348, 2.0942120173723167, 2.129985433046818, 2.089759090427644, 2.028314507830399, 2.0663019704517285, 2.10312473620544, 2.0985366361606497, 2.0276038787360173, 2.165249246122689, 2.0311887645710462, 2.0797797168835315, 2.0449886366548147, 2.1717770440827286, 2.02922642393108, 2.098204866575244, 2.086787808079502, 2.144195595390402, 2.0243303578850504, 2.0276038787360173, 2.026141083334287, 2.0212551336790545, 2.151093327654911, 2.0252212833907453, 2.098547144495, 2.0266819666445235, 2.025004947803311, 2.0837061165162694, 2.09033213176724, 2.1518658006778124, 2.1518658006778124, 2.1529422811348846, 2.022291278959093, 2.1062448940304286, 1.0738856417313707, 2.153975792987663, 2.146019821934095, 2.146019821934095, 2.045431041581382, 2.0942120173723167, 2.0242756195845266, 2.0252212833907453, 2.0259834444106737, 2.1034062792145574, 2.0420453544726307, 2.0270722346850985, 2.0212551336790545, 2.146558229836024], "2_50": [2.0406192696027485, 2.065424045803881, 2.0402655941705796, 2.069670991016619, 2.068661028292704, 2.0426767323046726, 2.065802477134408, 2.027127941911573, 2.007184161206137, 2.021568215196904, 2.1009481203068927, 2.0127319870546447, 2.0153646012889057, 2.011817871475443, 2.0676175023102323, 2.04419295638589, 2.127338254033414, 2.0699686998817852, 2.0570881233682883, 2.068273432856469, 2.048821958531886, 2.061129083192734, 2.068053207678459, 2.1021956697039985, 2.0622244206720697, 2.016532855293608, 2.1078197971805124, 2.009863296031124, 2.0443067551382854, 2.0388584460168326, 2.012162653851834, 2.0663424224926366, 2.0202593720200164, 2.0160046394997577, 2.06432956843468, 2.0653941546660843, 2.01013390149845, 2.096008497273646, 2.103694143478784, 2.0687150345250918, 2.0675374582318353, 2.06087588341229, 2.0609022389974108, 2.1020158175283816, 2.0992070004546974, 2.0616591821486208, 2.1392891669577843, 2.0669165391335063, 2.0717410921131933, 2.077089629473133], "3_50": [2.035441978287032, 2.100052202955264, 1.9967840299197048, 2.069152995338095, 2.0541985810767005, 2.0331777438624083, 2.0582466084526407, 1.9959875393325905, 2.04165587300196, 2.031598920273838, 2.0085927010293303, 2.0354505934996503, 2.071969636307685, 2.0173224313853426, 2.0336861779763047, 1.996912459502908, 2.0189389823947836, 2.018807952990448, 2.0168394257725786, 2.042349878196262, 2.0189017165727914, 2.0331569589619902, 2.0576175197043614, 2.0251588607100652, 2.077395985923254, 1.9982646252013492, 2.020539669993231, 2.091306360929148, 2.0400097956228342, 2.0997782396675593, 2.088924432925894, 2.0321203519448066, 2.0433535314358853, 2.0065856886974585, 2.057140790022922, 2.0327093552121185, 2.0957415597160867, 2.073222050200056, 2.052697030701354, 2.032016737137194, 2.0729773743188846, 2.059790868404178, 2.0793718046122778, 2.019706054768097, 2.0554142306883985, 2.050958566750371, 2.01593285120049, 2.0208643501262658, 2.117399203741412, 2.135814715393656], "5_50": [2.041187109421044, 2.022337025979673, 2.0538189927834773, 2.0276485010811465, 2.0116809890540757, 2.0339590268197876, 2.0489894923382024, 2.0097696733448784, 2.040958378422475, 2.074970356774938, 2.032479082051147, 2.0006988801764636, 2.040876070938052, 2.015974946214826, 2.0425503547183554, 2.037966050369352, 2.017599252647354, 2.0273188243006786, 1.9967247302800517, 2.008208494503854, 2.046313425752645, 2.0314572691226656, 2.008520653720558, 2.052225186838998, 2.0419436818292187, 2.0062651844946253, 2.027945596799479, 2.0806020665609997, 2.001007142883809, 2.051775198131557, 2.04136288874566, 2.0654211429721285, 2.043257991472271, 2.044232612688538, 2.1003411207835767, 2.0087772957921644, 2.022494159036311, 2.027049314354447, 2.051718295043732, 2.0298805934237265, 2.039094522597533, 2.0345964786373525, 2.0174833205237546, 2.0896513652102433, 1.987146044305844, 2.0432430435284386, 2.03915412534154, 2.047664412613729, 2.016305182433487, 1.9888144021134202], "10_25": [2.032478423438212, 2.015285408128698, 2.0171707966342254, 2.023595370694081, 2.010574283598164, 1.9851388738392262, 2.0239753898683985, 2.0252286395085255, 2.0085978712806227, 2.0024707541605467, 2.020055001740592, 2.0364927628177902, 2.000810920513203, 2.039105033067379, 2.012318563052116, 2.0177382321762076, 2.032545115862743, 2.020672350510995, 2.043562355591549, 2.021300913808669, 2.0214366252866856, 2.0122227794833565, 2.045404141184497, 2.023582366266461, 2.0034884086027893], "15_20": [2.002786921302868, 2.01208313849109, 1.9991125029110828, 1.9890698680947396, 1.9982015990528397, 2.0067700707248513, 2.0036994451513745, 1.9864262837254423, 2.002342114772617, 1.9987722263157388, 2.0016387135248364, 1.9994405272158997, 1.9975653160034474, 2.0164644437130703, 2.002402193375321, 2.000462082495942, 2.0091687306460115, 2.0014575450187078, 2.0184921038811927, 2.0080552292292992], "20_10": [1.9821297900840087, 1.9817773593639638, 1.9827453291591892, 1.9934843588257147, 1.9961833556503117, 1.972130742751113, 1.9942240727086968, 1.9846939846984484, 1.981823247898454, 2.0037457918704495], "25_10": [1.9845309445573078, 1.969152918276964, 1.9840713208945402, 1.9919906131126586, 1.970491017519722, 1.972358325996851, 1.989354740133245, 1.9795457759835768, 1.994079601635105, 1.9919100044393472], "50_5": [1.9667233045811237, 1.9664355020013826, 1.969310128117388, 1.9671199466317084, 1.9694361885847491]}, "RMSE_HAHB_bootstrap": {"1_50": [2.4205789436770204, 2.307478374093461, 2.672059596182624, 2.649045168677882, 2.221798221969318, 2.1445456623779964, 2.15116465991577, 2.565803208489565, 2.215571036192501, 2.7345449557064216, 2.1445309825860583, 2.3238760292289027, 2.226902207258392, 2.222621999280045, 3.00926526000845, 2.717437329238778, 2.154374804654177, 2.6838338984729244, 2.143768130674241, 2.4304387717122906, 2.2812311125528537, 2.1445309825860583, 2.1348176898679605, 2.230465674920239, 2.669880974413841, 2.1128597660563497, 2.511069049148622, 2.146764586027597, 2.3772061258288733, 2.290539985001435, 2.307478374093461, 2.319744211154818, 2.319744211154818, 2.6695930344093974, 2.2800099463900696, 2.217640721608775, 2.2456932878461675, 2.3549595587154926, 2.4376854178544765, 2.4376854178544765, 2.4513089781499398, 2.649045168677882, 2.139888684752143, 2.1128597660563497, 2.1808071029080223, 2.7107396570127698, 2.22695977081207, 2.7073711375641447, 2.230465674920239, 2.6655414696882826], "2_50": [2.1885070416996286, 2.311577101944225, 2.1595039083054868, 2.269277670401244, 2.3059637560939903, 2.305534128817577, 2.1951898305815902, 2.1862338273325865, 2.1347515165834627, 2.150591677438614, 2.344895336669465, 2.1191219953166125, 2.1609217764058135, 2.2313579950106837, 2.1928140375206273, 2.3134490385925837, 2.464821828991967, 2.3269420562554064, 2.141505161355493, 2.2227109327869585, 2.2415687414130225, 2.3018472075571736, 2.120439916323652, 2.344760284080622, 2.284000710953182, 2.134599470542408, 2.6269290700819585, 2.167477679784746, 2.3209595676493184, 2.1062314396234756, 2.2908471563637662, 2.185853738410792, 2.1235540144734535, 2.124133063232783, 2.1742444133864174, 2.2550297827820036, 2.4028516698153046, 2.124413986867514, 2.4983283946139427, 2.2289645152170126, 2.2360892148691085, 2.3025121338828813, 2.249897430177891, 2.3732791269897615, 2.2778402257686476, 2.468258095985158, 2.4634147836174582, 2.2562681411919936, 2.2833861830754, 2.4443107907756683],