{"2_50": [2.8197688276794795, 2.777399220313912, 2.7753094123864006, 2.8177248292500465, 2.9503207326900194, 2.8905630592830747, 2.847916468606084, 2.7879835751491173, 2.803764644580113, 2.9436063464918765, 2.858274558023506, 2.9354757382746044, 2.8703161416528724, 2.8339170452104323, 2.7757267235688556, 2.9013021550029934, 2.8614479521655807, 2.9368602711483542, 2.776316826471558, 2.7802851201922567, 2.8558411715577883, 2.848283299224213, 2.8473039577120867, 2.7747905594566347, 2.780083188101441, 2.880469058743895, 2.7858792418975513, 2.7810231850191687, 2.838709571000585, 2.8433014608954643, 2.9388157607184646, 2.850946643210907, 2.81624908608257, 2.822221333965829, 2.8132776572486904, 2.7719401077113712, 2.8287897703611806, 2.876886339391884, 2.8459379105817972, 2.8985203999937035, 2.800969037553515, 2.8589137008799295, 2.805497361593531, 2.826474140243544, 2.8421676742742954, 2.902867262785084, 2.77907147790757, 2.8107379708487037, 2.820425643253004, 2.8172225193994596], "5_25": [2.818250925445777, 2.8441833598909643, 2.8376511643239546, 2.8464038478637224, 2.8052560994246014, 2.881708211146907, 2.8612511322315344, 2.865807655291206, 2.8652498097782426, 2.863963125369283, 2.860777650440874, 2.8393514719207547, 2.8454500478745874, 2.812440752392283, 2.830371401316845, 2.813825799995714, 2.7917253047096615, 2.8258111773932018, 2.858184681039641, 2.8487832616592588, 2.81945726307225, 2.8217162021853275, 2.867574399176563, 2.813505384692892, 2.8400170422995763]}