{"1_50": [2.9393424228319485, 2.8634686736537533, 2.9480962809854083, 2.8687835854415296, 2.917788264447696, 2.8626836855173203, 2.7785130244252043, 2.830550644454423, 2.8809927893225202, 2.874707720768013, 2.7775395599123525, 2.966094857702314, 2.782450362426091, 2.8490133107993585, 2.8013542967874177, 2.9750370466886693, 2.779762224563123, 2.874253241883896, 2.8586134357253457, 2.937254240260825, 2.773055284774042, 2.7775395599123525, 2.7755357305949135, 2.768842648875417, 2.9467031885683714, 2.7742757306722536, 2.874722115746575, 2.7762766666363334, 2.773979380552481, 2.854391940433246, 2.8634686736537533, 2.947761370791524, 2.947761370791524, 2.949236001554637, 2.770262025971361, 2.885266978123875, 1.4710762215498228, 2.950651771215977, 2.939753180731637, 2.939753180731637, 2.8019603309334, 2.8687835854415296, 2.7729803008007217, 2.7742757306722536, 2.7753197868639363, 2.881378464677476, 2.7973224033871653, 2.776811280390546, 2.768842648875417, 2.940490725802773], "2_50": [2.812492102055856, 2.846679389316222, 2.8120046474020244, 2.8525327594409755, 2.851140774063451, 2.8153278086894415, 2.8472009638912215, 2.7938976228490287, 2.7664100231018733, 2.7862349060906797, 2.8956405946036807, 2.774056337441318, 2.777684749096501, 2.7727964537946383, 2.849702529983475, 2.8174175509147026, 2.9320129075498813, 2.852943077938142, 2.8351903691140268, 2.850606569021167, 2.823797492616688, 2.8407598390098934, 2.850303042742133, 2.8973600348140867, 2.8422694925036183, 2.779294900098388, 2.905111512193662, 2.7701025519571387, 2.8175743945244363, 2.810065239533154, 2.7732716515568923, 2.847945145855089, 2.7844309874701607, 2.7785668844560214, 2.845170921272913, 2.8466381917296726, 2.7704755150820906, 2.8888325383557145, 2.8994253126047558, 2.851215208380678, 2.849592208895332, 2.840410865346189, 2.8404471900423736, 2.897112152795626, 2.893240888834958, 2.841490450128268, 2.948484303617161, 2.8487364245331634, 2.855385884995213, 2.8627575291360183], "3_50": [2.8226468111838656, 2.912244965577407, 2.769037945959529, 2.8693955251221652, 2.8486575084268573, 2.8195068867121225, 2.8542711057124444, 2.767933413558292, 2.8312639224988656, 2.8173174549251985, 2.7854136069744175, 2.822658758320008, 2.873301498731766, 2.7975195504573316, 2.8202119571320097, 2.7692160455356194, 2.7997613007015487, 2.7995795958265073, 2.7968497429820043, 2.832226333400055, 2.7997096223659663, 2.8194780632754872, 2.8533987176177584, 2.808386709767425, 2.8808264827903365, 2.7710911597553376, 2.8019810523789026, 2.9001166792545963, 2.82898122659561, 2.9118650473047816, 2.896813543348697, 2.8180405496923355, 2.833618148370257, 2.7826303849425464, 2.8527376132829425, 2.818857349292614, 2.906267186046961, 2.8750382822496925, 2.846575235179073, 2.817896861977619, 2.8746989782542314, 2.856412606415655, 2.883566447074037, 2.800825037428794, 2.8503433091210457, 2.8441644223040585, 2.7955925517418194, 2.80243130217818, 2.936300898870987, 2.961838588373329], "5_50": [2.848168059657271, 2.8218656176460555, 2.865793943418806, 2.8292769782527625, 2.8069967289126634, 2.838082363004355, 2.8590551055881894, 2.8043297767602957, 2.8478489001243834, 2.8953074745696807, 2.8360173237922983, 2.7916728560601816, 2.8477340524717003, 2.812988297043943, 2.850070262397705, 2.8436735586549102, 2.8152547711358427, 2.828816964140482, 2.786127530623328, 2.8021513876797965, 2.8553210591897376, 2.834591538310696, 2.8025869586798486, 2.8635700281474388, 2.8492237420872817, 2.799439792318082, 2.829691530417878, 2.9031656742711625, 2.7921029900704317, 2.862942136927754, 2.848413333133479, 2.8819829901936678, 2.851057662519448, 2.852417599100286, 2.9307085406282463, 2.8029450638960434, 2.822084873073922, 2.8284409037503906, 2.8628627372703237, 2.8323915257075254, 2.8452481710663253, 2.838971830656771, 2.815093005381983, 2.9157926026189442, 2.772761922287224, 2.8510368049234027, 2.8453313376858698, 2.857206157135436, 2.8134490917676565, 2.775089863414075], "10_25": [2.853713855061452, 2.829573895968531, 2.832221087317945, 2.8412415501164943, 2.8229592125403244, 2.787246468729023, 2.841775118379967, 2.84353475126002, 2.8201842186467405, 2.8115814020974916, 2.836270673270722, 2.859350213004698, 2.809250902436635, 2.8630179871460855, 2.8254082788563255, 2.833017798687343, 2.85380749497109, 2.837137465616062, 2.869276318303267, 2.8380200037875225, 2.8382105503245194, 2.8252737933463665, 2.8718622887145826, 2.841223291169758, 2.81301024608816]}