{"2_50": [2.115844420630164, 2.1061875800210563, 2.136892619227541, 2.28578833353659, 2.490318673275054, 2.2867052686736713, 2.2922538642056285, 2.1833419305168804, 2.2702008789062216, 2.5042495280032933, 2.1487343815488407, 2.337468042210754, 2.425286776591233, 2.3889818570638894, 2.1156047694251163, 2.412781079054506, 2.2260381525669524, 2.2992871711246097, 2.107358312764833, 2.14601117688204, 2.140336805956789, 2.2427413429339595, 2.2532912455698586, 2.1383644031079343, 2.1376574822841925, 2.3032526149058787, 2.0923265073239548, 2.1910041672302123, 2.406899977924618, 2.188583156724398, 2.407899047484252, 2.141607449715572, 2.2076569513757933, 2.2806304682172054, 2.1956218034831565, 2.123001850495578, 2.215327887426656, 2.3238149248356494, 2.2949525685742365, 2.493773178333749, 2.2998388428857557, 2.143712670022107, 2.132030523759254, 2.3126966336835193, 2.316049336559513, 2.4683155072650806, 2.1203473233040473, 2.186404263083922, 2.1964993778787893, 2.358373374844677], "5_25": [2.1943689155962933, 2.434789162277005, 2.158838233190102, 2.2643491647604788, 2.159910302783126, 2.2580439343562895, 2.234449585827365, 2.2679728736871367, 2.183806290782004, 2.1601281884084247, 2.3157335038028535, 2.1455238872687645, 2.0977658885903367, 2.2334838040423337, 2.2110278386903603, 2.3093895182015194, 2.191800793001253, 2.257838235404002, 2.2133830382062225, 2.320371008400897, 2.1678925641115914, 2.341648197355102, 2.1496446796916167, 2.1332586655648638, 2.350890918524797]}