{"1_50": [2.400036594911724, 2.287895858244173, 2.6493830458929404, 2.626563931330861, 2.2029428344674846, 2.1263458820920653, 2.1329087072185846, 2.5440284076678066, 2.1967684959743257, 2.711338120688196, 2.126331326880822, 2.3041543539642175, 2.2080035045628215, 2.2037596207561396, 2.9837269991474016, 2.6943756788386217, 2.1360916089236768, 2.661057425053385, 2.1255749489450215, 2.4098127470863924, 2.2618713452332555, 2.126331326880822, 2.116700466444966, 2.2115367307009555, 2.6472229130928064, 2.0949288895113525, 2.4897587521570297, 2.128545974749348, 2.3570318623737037, 2.271101217529848, 2.287895858244173, 2.3000576007444042, 2.3000576007444042, 2.6469374167037674, 2.260660542550366, 2.1988206169150564, 2.2266351138257225, 2.3349740917222883, 2.416997894250071, 2.416997894250071, 2.4305058376069733, 2.626563931330861, 2.121728426109921, 2.0949288895113525, 2.1622995883256966, 2.68773484670004, 2.2080605796008905, 2.6843949143386148, 2.2115367307009555, 2.642920235763344], "2_50": [2.1758746271450997, 2.298234307212416, 2.147038904500585, 2.2561790347900095, 2.2926533624970498, 2.2922262150983594, 2.1825188418950483, 2.173614534136915, 2.122429387563741, 2.138178116463354, 2.331360223729282, 2.1068900824068555, 2.1484485884382445, 2.218478237863251, 2.1801567622936586, 2.300095438741435, 2.4505944810540328, 2.3135105725366434, 2.129144049212168, 2.2098810878731205, 2.228630046195477, 2.2885605753403246, 2.1082003961619216, 2.331225950685698, 2.270817091584431, 2.1222782191568843, 2.611766013081764, 2.1549666500886913, 2.307562615816768, 2.094073933073968, 2.277624018211203, 2.173236639149495, 2.1112965192364586, 2.1118722256332387, 2.161694325015929, 2.2420133882691538, 2.3889820236008807, 2.112151527731578, 2.483907641391415, 2.216098573619818, 2.2231821483598773, 2.2892216636043607, 2.2369106604295497, 2.3595801782477634, 2.2646921657109815, 2.454010913361591, 2.4491955573716777, 2.2432445986752745, 2.2702061108603746, 2.4302018358484743], "3_50": [2.232456473844157, 2.5544885977934775, 2.209279966021231, 2.466494237018343, 2.222103272777394, 2.1866426309715434, 2.3308009485042884, 2.2004663108066, 2.1898482833450186, 2.2279730136237825, 2.143546973420158, 2.1736266555567987, 2.1556275981322357, 2.1176164511934683, 2.24642174057868, 2.130951803381877, 2.2235483518682635, 2.121595295616222, 2.1155254709465763, 2.281823005526803, 2.2286163772600847, 2.2133779193219896, 2.1132556527386055, 2.216817938757692, 2.1648585679298122, 2.1532468684450725, 2.2631710862707535, 2.30277240100871, 2.2604053916879026, 2.5445257121412532, 2.4649348479782907, 2.1805131477070505, 2.148020874669398, 2.1560267244082234, 2.43214653601, 2.2306822806012376, 2.2824626982083673, 2.409012079747681, 2.1275578985556085, 2.1726296886383434, 2.162796451788931, 2.1541626885000293, 2.25381934201564, 2.2000205513698683, 2.3587307922926475, 2.407535457426837, 2.178564621017082, 2.2032285171096553, 2.4501978429543034, 2.636828278635417], "5_50": [2.16195968040831, 2.181957475346247, 2.345164447092049, 2.263369648131505, 2.1908469413448364, 2.303054305764301, 2.2776710924839763, 2.224720070790417, 2.250249940633439, 2.306537126783848, 2.2349253193043435, 2.190057782297622, 2.2362720292917055, 2.106250085203143, 2.289626159222895, 2.224897446327587, 2.2271685607936695, 2.3634013491356045, 2.1781409217247165, 2.121701767627127, 2.2699342023832654, 2.248265536060312, 2.161583621958608, 2.309459172438826, 2.2572425536654057, 2.1305585787001426, 2.240826857572118, 2.213126468336714, 2.1187033457366575, 2.3017809710940003, 2.266153470079753, 2.1615012445049633, 2.1593029603936724, 2.354324706405305, 2.3504099551662585, 2.158349672703436, 2.2233440004462333, 2.221674252995646, 2.2368205478681897, 2.1511107863302494, 2.342981542442829, 2.271433679245161, 2.1693409940061588, 2.2955326043375806, 2.162754385292025, 2.1984777550903605, 2.103463292002944, 2.3337331211838914, 2.2112292275457164, 2.1168277378556737], "10_25": [2.1636908171594302, 2.1466896490707663, 2.1503759728083462, 2.2189656761705727, 2.2029593929095874, 2.123025756489038, 2.256326338616942, 2.2061033389913796, 2.1947750830936856, 2.1557753899057297, 2.147448159382798, 2.301509656499286, 2.210267569717314, 2.3184705900406932, 2.2498379635901924, 2.2015696275288503, 2.3280015629480095, 2.2083384921518485, 2.2192530169047266, 2.2662592741396317, 2.161002049692232, 2.2581959286599798, 2.254969558022937, 2.1813306726907116, 2.224788814603417]}