{"15_20": [2.2764350655986063, 2.231257523470522, 2.1660724277339196, 2.1730563682539414, 2.197631925470626, 2.2489289498759892, 2.2352528495836097, 2.1792836853323574, 2.201674459739074, 2.205969039581643, 2.1771055983713863, 2.1497861878212072, 2.203589554066121, 2.196781982737526, 2.2119336971445986, 2.1588032714427494, 2.2979910150313367, 2.1716606396590095, 2.239465420046091, 2.276076965197983], "20_10": [2.1762733497108218, 2.1981189453461543, 2.184061007141179, 2.2288664165680507, 2.2355701416922935, 2.173621897176097, 2.221960567110346, 2.198592411069088, 2.184503218410127, 2.2495420273238316], "25_10": [2.207653198504589, 2.204860364736218, 2.2887025142169124, 2.2287714765654374, 2.161844163505339, 2.148448028996981, 2.204552229307669, 2.217184780158722, 2.237476027063959, 2.224860025248955], "50_5": [2.1993577399856465, 2.1988706907716318, 2.2018891893505548, 2.2001024993249745, 2.2150800489753424]}