{"15_20": [2.8296832483086045, 2.8428176211020113, 2.824491762354748, 2.810302796366194, 2.823204771032269, 2.8353109319503393, 2.83097252847133, 2.806567747806747, 2.8290547932423156, 2.824010994794607, 2.8280609767226887, 2.824955218986357, 2.8223057839923116, 2.8490078482602246, 2.829139676668428, 2.826398546697563, 2.838699933408807, 2.8278050086606545, 2.851872674243443, 2.8371266974982245], "20_10": [2.818194014337453, 2.8176929280056355, 2.819069188377994, 2.834337950937035, 2.838175387180538, 2.803977359361772, 2.8353896768370097, 2.8218397886707796, 2.81775817236747, 2.8489276661665155], "25_10": [2.839551431004097, 2.817547895785799, 2.83889378188408, 2.8502250426095275, 2.8194625051951507, 2.8221343297252237, 2.8464535232431167, 2.832418439404164, 2.853214056393632, 2.8501097042852344], "50_5": [2.8320815585968178, 2.8316671228819907, 2.8358065844890383, 2.8326527231496597, 2.8359881115620382]}