{"15_25": [1.19094720805725, 1.1591259351274437, 1.157246819731138, 1.1528984712159567, 1.2011197953390766, 1.201099778451187, 1.1762342906793242, 1.1816768703582212, 1.190951736903097, 1.1878371983997589, 1.2112086409597982, 1.1573032203579374, 1.1748613140682593, 1.1469953305280947, 1.1819244198781202, 1.157069497186576, 1.1576854774794856, 1.1723617711833592, 1.1943140584443552, 1.205692589837865, 1.1520477689997852, 1.1893975005948147, 1.1325949586545228, 1.1732598692084242, 1.155051865007101], "20_10": [1.1512625728701755, 1.1675613700742358, 1.173469510900371, 1.1700124369367102, 1.1512625368265275, 1.1473916064090046, 1.1731581265275548, 1.1576532145575336, 1.1522866067638986, 1.1605772946845236]}