{"1_50": [1.7041416082035232, 1.2798542730645783, 1.1310242675179318, 1.5799444832466827, 1.1835618225044775, 1.1310242675179318, 1.5799444832466827, 1.2609745587645278, 1.1890220183400237, 1.1835618225044775, 1.1835618225044775, 1.2798542730645783, 1.7800444005707048, 1.1835618225044775, 1.1960241551172324, 1.1960241551172324, 1.1310242675179318, 1.7089150757488225, 1.9316215660197265, 1.1890220183400237, 1.5861047716626633, 1.7800444005707048, 1.2609745587645278, 1.1379892112556764, 1.5799444832466827, 1.1379892112556764, 1.1313202858000486, 1.1890220183400237, 1.2798542730645783, 1.7089150757488225, 1.7408602229091612, 1.9605628837173854, 1.1206708042482945, 1.923421843387022, 1.923421843387022, 2.53642107599927, 1.1379892112556764, 1.237000407939171, 1.2609745587645278, 1.5799444832466827, 1.1379892112556764, 1.1206708042482945, 1.5861047716626633, 1.1379892112556764, 1.7408602229091612, 1.7800444005707048, 1.2798542730645783, 1.9605628837173854, 1.5799444832466827, 1.1835618225044775], "2_50": [1.1742096654949061, 1.7418780304424135, 1.7683372446484826, 1.3536494492696058, 1.9252545323640973, 1.243789153645548, 1.287649077029653, 1.580469486336364, 1.8921148106122643, 1.8876826902789812, 1.4600612522243728, 1.243789153645548, 1.5925418213313918, 1.140169012160672, 1.7280880456306913, 1.2887113393907186, 1.1291411035135148, 1.1478017133827094, 1.4600612522243728, 1.9322674672843148, 1.1356458393350566, 1.1441334965364938, 1.2753618024374644, 1.368511608079804, 1.1813076373678604, 1.1071281612272088, 1.1483042501304501, 1.368511608079804, 1.2032393908919599, 1.1110210969186975, 1.5133105544245309, 1.4437724580577385, 1.1071281612272088, 1.134435775801419, 1.3712660685513574, 1.1071281612272088, 1.1483477500796366, 1.553878915990907, 1.7016703056866178, 1.2753618024374644, 1.4713740436780423, 1.2032393908919599, 1.1407598686343876, 1.2032393908919599, 1.1787403290497998, 1.2979955276789241, 1.3624742963309546, 1.924452047367534, 1.920105721646663, 1.268090898106808], "3_50": [1.2815323939009775, 1.2319774216972832, 1.1874558397993937, 1.5758755036448002, 1.7042882310811003, 1.2363103662274952, 1.3546421878854948, 1.4909841983093375, 1.483769071926319, 1.3997222793306026, 1.355773205895557, 1.3855059165603634, 1.3610845505829994, 1.2309494130384728, 1.107652645137794, 2.122041067608184, 1.2335191516841064, 1.6703391181316773, 1.2959671310011005, 1.3677606374641753, 1.2755010457141975, 1.2975667768533652, 1.2709873858524792, 1.1653780559454432, 1.299517722877475, 1.664242021483983, 1.3476956960579123, 1.3117526166710258, 1.215166391499266, 1.2360502582102995, 1.1190889192761466, 1.3524972789549505, 1.1342388538497932, 1.2804733951921965, 1.2289294410593026, 1.3869886540858, 1.5538289259987028, 1.227220061876706, 1.3592696540720806, 1.944474938258686, 1.2798522314645115, 1.3855058918833763, 1.711909382123973, 1.2452669453809266, 1.5129965264879879, 1.2880361091357824, 1.180975528982378, 1.5132562433265908, 1.2739533531599636, 1.2736106109114211], "5_50": [1.3301027224260795, 1.2168593575439581, 1.2048657408698749, 1.3121582429244205, 1.2303462683033692, 1.1354893015419196, 1.2076143026680928, 1.2611115439435634, 1.410705935913699, 1.2272162013007495, 1.358943438260905, 1.2052077125526184, 1.2348755382325824, 1.2620955371506826, 1.2617539165074079, 1.1164653331832541, 1.2584809995493271, 1.2354719395386091, 1.4623804879646924, 1.264091783137936, 1.2101788188731488, 1.2636078219206228, 1.1940738221185347, 1.1875521051603624, 1.2329337715487225, 1.150581139217573, 1.2127511621150582, 1.2170391669059586, 1.3327955128479008, 1.2833345409896872, 1.3300581107464329, 1.3610415645488307, 1.2669571575811038, 1.2882283930193785, 1.2428739995617686, 1.1492980465540557, 1.283334551435907, 1.2932039843160568, 1.165996165494324, 1.2169931908221092, 1.27046457338647, 1.1912254752740539, 1.2838865274943232, 1.243624636989393, 1.218190723075361, 1.250605585670286, 1.2674691069395858, 1.1805247558766319, 1.2760982707828945, 1.2825621612083928], "10_25": [1.162833261551876, 1.2536682199990585, 1.2110452110568093, 1.2379903887162156, 1.2107689011867477, 1.135645331334846, 1.1971920898279342, 1.225700329160414, 1.1657864685021957, 1.2855221410413162, 1.2440533887277045, 1.1470879621659675, 1.1564928389728373, 1.1436873035059383, 1.198241355612095, 1.1793666895764645, 1.1448757337954298, 1.2334858605742451, 1.2422301551109596, 1.236339555910185, 1.2516312074314884, 1.2412110183616594, 1.1456869685316786, 1.151476303269478, 1.2198068743717643], "15_25": [1.1747585504324003, 1.168685952917113, 1.1809935391061683, 1.1562725537046483, 1.143561082226897, 1.1375745743349317, 1.2086281784301565, 1.188233899448917, 1.1652725019110928, 1.141477091113013, 1.2242721904555358, 1.173647613866023, 1.1686342697224088, 1.206095255404744, 1.1388759773735035, 1.1799227671930532, 1.1315450938272176, 1.1723190076575762, 1.1795405837173412, 1.2123986741415738, 1.1545139430971914, 1.1675783028625788, 1.1672157597309183, 1.1647152389551356, 1.156820325041864], "20_10": [1.160561690693279, 1.1688909025339913, 1.139291551930458, 1.1694561145552096, 1.1735582194967182, 1.1604918986030466, 1.1736446081966094, 1.1864786406683083, 1.1745162793568833, 1.1706053255273101]}