{"1_50": [2.889761373600911, 2.9221665278012803, 2.8182420360096825, 2.9147797160972457, 3.1584599325960356, 3.0154063672824702, 2.7705113925196883, 2.810210791534001, 3.1097826387931007, 2.7706798022965238, 2.9502749468449063, 2.7705113925196883, 2.7536608446190614, 2.867574382221754, 3.0823616944708077, 2.9147797160972457, 2.971053895897821, 3.023501609931246, 2.882931703660485, 2.9040159703204456, 2.9007426337118414, 2.933761322285977, 2.740086708539146, 3.023501609931246, 2.991441843779176, 2.7998132550189876, 2.882931703660485, 2.9147797160972457, 2.836120292723681, 2.7536608446190614, 2.8017202779664947, 2.905214999059739, 3.097952319175227, 2.9594110621635528, 2.7387367090722488, 2.827587748544103, 2.827629628270603, 2.9007426337118414, 2.779595818325355, 2.7849834527205886, 3.0155002801029043, 3.1584599325960356, 2.7998132550189876, 2.8480640082967463, 2.8493029557957987, 2.882095577713246, 2.8121962420487057, 2.865014164455701, 2.971053895897821, 2.9905623098742287], "2_50": [2.9422940302071057, 2.843799905197379, 2.929734808975599, 2.898057285424961, 2.9912436877812882, 2.8559553823987285, 2.865254454892198, 2.8437289017481997, 3.0782582200866475, 2.754612641170139, 2.9636850589083354, 2.777301897780861, 2.9086425611065327, 2.90334726491632, 3.109901539754007, 2.7786816208487526, 2.9042884183323516, 2.840520346591673, 2.863427264197419, 2.9242091532104646, 2.9308698033568747, 2.8670041165336415, 2.845553212746511, 2.757150759196111, 2.7692817933027145, 2.8909841883732197, 2.7913801474441278, 2.7841035175073445, 2.945884832551684, 2.7167942228857327, 2.9113745511461633, 2.836012336415764, 2.8365130689063975, 2.959241865684896, 2.9841507516159904, 2.9147576930489576, 3.028742758301683, 2.858484499823356, 2.948407145338983, 2.8198581717423337, 2.854867053326982, 2.9591936922677706, 2.9224493301175785, 2.959681016705281, 2.846307520263733, 2.891315772727423, 3.1959545207747677, 2.8620482951585244, 2.923558826017042, 2.8408870747051957], "3_50": [2.8290988914811073, 2.8805148927967648, 2.8856564480918574, 2.9499378700099705, 2.8044280845236687, 2.9034486583021684, 2.8583956126162358, 2.8185538093769953, 2.8114902994858184, 2.881177354344464, 2.844918128853995, 2.8798283792847177, 2.8838413170686223, 2.8099546919132643, 2.868066693129329, 2.7953739724577034, 2.8278895783392053, 2.8740029110902103, 2.981957304287956, 2.733818664034159, 2.9364758272356903, 2.776510133262639, 2.862420906362042, 2.893287318527554, 2.964188458471702, 2.8128419224013075, 2.9503258638478935, 2.865666324002038, 2.8873444243562036, 2.9376094758056603, 2.8294608894827333, 2.876646592110147, 2.9906166199470854, 2.85544498440347, 2.9225902746631767, 2.8391122562108047, 2.94483716401114, 2.8204730659700648, 2.732600343533916, 2.8961693734768508, 2.8816690738797086, 2.903763838744529, 2.888145687857316, 2.8368772586264313, 2.8660343651481948, 2.942753532035073, 2.8024012702448933, 2.985681330511351, 2.831100047003058, 2.835589159135032], "5_50": [2.815714602026984, 2.857843372089451, 2.900951795666026, 2.8924612711717286, 2.8032754656250645, 2.811648030584978, 2.8834550360950377, 2.9772810126553058, 2.8382835014355536, 2.8559435896141787, 2.7961699166243608, 2.8662109524639034, 2.902087028420244, 2.8528278175040223, 2.884431428958934, 2.819229069094976, 2.869279183864205, 2.8269891325365353, 2.891123423496612, 2.8876922968268777, 2.894808856091194, 2.940983107473144, 2.8103262231422237, 2.7825810806394866, 2.8903608103220897, 2.824107977516727, 2.875995336268626, 2.86209486655996, 2.831736217170745, 2.83801067923298, 2.816334693058154, 2.84784787399903, 2.8798078465024486, 2.8262489749516244, 2.895301877953266, 2.813788915165077, 2.838337245127749, 2.8318902368034187, 2.794573554905595, 2.856625142032807, 2.7865068217866784, 2.906822718504306, 2.820676370664754, 2.8251069433097844, 2.937866007748411, 2.821552683629593, 2.899340070896988, 2.8788197530994437, 2.871989347408645, 2.8080615445412356], "10_25": [2.8191747310625237, 2.8517216485592423, 2.861791696389535, 2.8231524467903113, 2.926541932645852, 2.849587220329981, 2.871384869722891, 2.9116065240592155, 2.9369468941524888, 2.8656563865810476, 2.818716211656849, 2.8520818574783364, 2.8684114761321347, 2.811636676624669, 2.7726921489017093, 2.8259491604341265, 2.864466015757931, 2.8680032502305792, 2.7974556939969957, 2.882993188418377, 2.843353139249346, 2.8732864458635463, 2.8177531292963165, 2.8272811939718028, 2.815053489863282]}