{"1_50": [2.655520488738972, 3.1021543147096473, 3.030313978582321, 2.819375261715325, 3.501002301552216, 2.6541348635106825, 3.0419221885272867, 2.6717734935062, 3.5695294964227657, 2.6560972259254134, 2.9515562805516393, 3.0419221885272867, 2.4240217613029844, 3.1147042224977346, 3.217100785361366, 2.819375261715325, 3.054584246033122, 3.5102965907882733, 3.0323031805116463, 3.1764334591935186, 3.0465535621007396, 2.978313674648521, 2.9993389125016963, 3.5102965907882733, 3.1983387924302527, 2.97382385028829, 3.0323031805116463, 2.819375261715325, 2.3643978226463163, 2.4240217613029844, 2.4886729844702664, 3.272653870655143, 3.368479765138357, 3.079298000203825, 3.219356650725446, 3.026354728635088, 3.319978400157816, 3.0465535621007396, 2.561580786901057, 2.7609156872508183, 3.681146039347268, 3.501002301552216, 2.97382385028829, 2.92146509669398, 2.286684989368697, 3.0777771651364785, 2.848595251193276, 2.3709114575246932, 3.054584246033122, 2.9987746470275884], "2_50": [2.9847332456288007, 2.993723690143395, 3.213013377784535, 2.6090540978459646, 2.672251111861851, 2.832565042070436, 2.7619803709087996, 2.6346100834489596, 3.3918626434939547, 2.5756953361355563, 2.950019565078302, 2.717583552391124, 3.3257690779799645, 2.932800256378306, 3.2718815437185116, 2.593364156559495, 2.793081425834223, 2.6119483230496647, 2.8307856891354586, 2.7665769871235786, 2.913453434371032, 2.7593657858196377, 2.738618521442184, 2.8234634964743632, 3.0125266370632584, 2.769537904063012, 2.5861584833111864, 2.6274913879953874, 2.9335750518675714, 2.6453040443566223, 2.4936573378556544, 3.2604175610277943, 2.6970855093443604, 2.9878986339617755, 2.8517372492952138, 2.808097555114237, 3.32441578274939, 2.800528622050116, 2.5385041436108433, 3.267236554980131, 2.542138115587318, 3.13497506548198, 2.8995938216558126, 3.092065318649057, 2.5554782556601894, 2.902136964534514, 3.343931005281552, 2.9737399286632495, 2.9750438047310794, 2.9852175424532548], "3_50": [2.721393885233825, 2.7732772980251617, 2.4712052982786807, 2.780800248055268, 2.6962583817598937, 2.747447117136732, 2.5945522625376825, 2.688769884367061, 2.855114914749477, 2.830636327220426, 2.608895001777059, 2.7396173457900566, 2.4393371963007384, 2.6591901007230576, 2.940640238597458, 2.678612161387183, 2.3014569976639336, 2.586587600456747, 2.914698862433975, 2.6232196192853907, 2.754658306368739, 2.46674401434954, 2.841264127100771, 2.7253750962800707, 2.7116051701470534, 2.5292442470423686, 2.7813575448212973, 2.4544472647440068, 2.617419037237332, 2.6429238591905237, 2.6201473889632596, 2.8209654389665935, 2.652092141470601, 2.55174020002752, 2.763054274997549, 2.646786308664808, 2.7702458640337184, 2.6221053691516967, 2.342196855249248, 2.6232805197158737, 2.9335473712144475, 2.7211756143570227, 2.7338480965437544, 2.4222670208146235, 2.7254277248681418, 2.760717580363908, 2.81814899813444, 2.6427606635934167, 2.840780410168073, 2.3599133974689837], "5_50": [2.492662455581465, 2.4758921429976315, 2.546520376783655, 2.56066301712226, 2.674694449629656, 2.49878876704565, 2.6093768763265244, 2.6401538392783364, 2.6734366566141428, 2.4103109382092334, 2.6747635306648676, 2.509802329863693, 2.693768040246769, 2.5519928363258857, 2.8105906287951967, 2.429579118185364, 2.612963016700911, 2.800365307970189, 2.6705566368078797, 2.798566140128563, 2.683845772696552, 2.6499546232815603, 2.593049129913909, 2.643861531239124, 2.7509890903676593, 2.577555396941024, 2.5372603270467553, 2.647349304353131, 2.603327201284071, 2.687662251277033, 2.6014575265712128, 2.462924019549764, 2.4581939369028682, 2.537938417610596, 2.64464840691344, 2.5734502938788513, 2.7029427107341544, 2.6193994420283033, 2.59625403917873, 2.7053025804183175, 2.4979243469028503, 2.6234074436015997, 2.6090508143771967, 2.5203717546209883, 2.614506494419177, 2.701087667472145, 2.6424193442049857, 2.510661330571892, 2.5973014298479726, 2.6826456846106383], "10_25": [2.385340200856726, 2.5506672306152813, 2.575409778205096, 2.5779006843318193, 2.573318248354588, 2.5853106201879923, 2.410071786990401, 2.6329020709471957, 2.6123241355658755, 2.5389288087941972, 2.5965394509192157, 2.5667285927358474, 2.5680852034772057, 2.5751117499525544, 2.385222986504579, 2.5756032586721136, 2.602404875003227, 2.5810870685205867, 2.5288237847511246, 2.6195204560456053, 2.5603997896955306, 2.53598388601626, 2.572003399634806, 2.505561551699383, 2.5993656904126015]}