{"15_15": [0.8203937465503791, 0.8225118351072114, 0.8006371923970047, 0.8277862812243945, 0.8435822545470726, 0.8539965224353446, 0.8471799498013605, 0.8642828500075701, 0.8627502121698388, 0.8615457666841191, 0.8307037478344999, 0.8148053096642555, 0.8642971478952907, 0.8580466789949677, 0.8432585453635946], "20_10": [0.837303325981101, 0.8284223173289061, 0.8297197905083747, 0.8617604123449578, 0.8038871490737161, 0.8439668213309611, 0.8214916332595875, 0.8087517245250246, 0.8075665056252791, 0.8424323690023577], "25_10": [0.82152615026013, 0.8258778258723533, 0.8358983486312216, 0.8287222805299681, 0.8449828141861413, 0.83921750286261, 0.8309782055408123, 0.8427914430452516, 0.8240785661937914, 0.8349610783577455]}