{"RMSE_C_bootstrap": {"1_50": [1.0298517641474632, 1.058482014044973, 1.0489783732847204, 1.1277116849116176, 1.0155288178272208, 1.0919066815791831, 1.1192446458450978, 1.0592190861695716, 0.9863987083484904, 1.0145627715284655, 1.0399053465931856, 1.1389957078281037, 1.3344976451864217, 1.119526146794604, 0.9863987083484904, 1.1488551043253883, 1.0399053465931856, 1.1269440139328892, 1.1843049216165076, 1.1389170452583146, 1.0298517641474632, 1.0145627715284655, 1.1092442558453453, 1.058482014044973, 0.9735239112669245, 1.0927964340598935, 1.1488551043253883, 1.0683169556644294, 1.1277116849116176, 1.140135282484069, 0.9890527881603355, 1.0298517641474632, 1.0663486493283603, 1.1070278221232888, 1.0040109952163587, 1.1488551043253883, 0.9863987083484904, 1.0432083118563742, 1.0432083118563742, 0.9890527881603355, 0.9661824788099928, 1.3344976451864217, 1.0387348146388586, 1.2059829200177057, 0.9649131049502205, 1.119526146794604, 1.1070278221232888, 1.0274666890945707], "2_50": [0.8525471365155843, 0.953199071410698, 1.032231043983311, 0.905725762280727, 0.9998406867832316, 0.9259913844366389, 0.953199071410698, 0.8994681764863609, 1.1204538089624894, 0.9553592257447467, 0.8516224220540114, 0.9102450628613176, 0.9006159984343391, 1.040668429695128, 0.9344574348222351, 1.0119630693753867, 0.9315636937449716, 0.9282856368994493, 0.8797225144763146, 0.8548310330744004, 0.847097704020614, 0.9598656149640253, 1.1845465738065386, 0.8882855463840017, 0.825653971050104, 0.9521657519883753, 0.8881206648474291, 0.8105416507945271, 0.9798764363034042, 0.8625572526770884, 1.2618738756895775, 0.8516724385407458, 1.1366809578548271, 0.8907665331963032, 1.0783452494445869, 0.914221165858356, 1.0688597675079559, 0.849567758427633, 0.8971452103493953, 1.056746177995205, 0.9351832464043079, 0.9613136755690236, 1.1845465738065386, 0.8816389501114349, 1.0706188348540109, 0.9197067580732137, 0.9197987223222471, 0.8551131316405771, 0.9235165357050719, 0.825653971050104], "3_50": [0.7854417035517032, 0.7805381076774369, 0.8514688444097035, 0.8553286699779384, 0.9190306546617719, 0.8733640128707361, 0.8322128031780704, 0.7797931937696044, 0.8591659347948388, 0.802486063555367, 0.8303435662587977, 0.8179113004084169, 0.7986707802001427, 0.8873156899854427, 0.8237221731062762, 0.8228020543832104, 0.8758994913201665, 0.919842277168245, 0.7736809563616363, 0.7756394197903945, 0.8638628449920097, 0.8094278821537758, 0.9823508435780242, 0.9822165661836482, 0.9058675734567125, 0.8542460276468306, 0.8130821516081914, 0.9719294457780678, 0.8165662384799982, 0.8210908947472447, 0.8755069651403594, 0.7857309124137, 0.9072687491006621, 0.8970550470242331, 0.9084706595841939, 0.8814261594305869, 0.8098747765291342, 0.8193685173942252, 0.8593831983940002, 0.8475634958519269, 0.9878952420939227, 0.8814261388928755, 0.9706467186686132, 0.9461237479694615, 0.8038826189060431, 0.8483041524216495, 0.7900133237708972, 0.7781952266632632, 0.9001208666803527, 0.8822003133207972], "5_50": [0.8113882982469154, 0.8388249313898402, 0.7953081745093645, 0.8210496800504412, 0.8263473320083711, 0.8032459401162765, 0.7277301981988783, 0.7639031647285079, 0.7660416936924842, 0.7977605927468471, 0.8652033100886547, 0.9247383331321822, 0.8193774810631075, 0.9098925751159611, 0.7663755726178674, 0.8019389682700381, 0.7823819048798104, 0.805007690367713, 0.7499174945159159, 0.7770046526604205, 0.8059056141223604, 0.8042274335770359, 0.8751032593062715, 0.8326041789561119, 0.8201754081460013, 0.8521442191272236, 0.7646839714765693, 0.7813051887585957, 0.7787984995341914, 0.7628973970968034, 0.7612505063833747, 0.8247549080264273, 0.752067514788365, 0.7817700218238548, 0.9453235055214819, 0.8121992237073506, 0.7669107776955024, 0.8114692196886718, 0.8562480214468102, 0.7802580262779819, 0.7429556639061972, 0.7768566674301114, 0.7532666418201098, 0.7694276586569296, 0.7936679963446318, 0.8786484912873324, 0.7781920177819803, 0.7672972974699094, 0.7603728325913777, 0.8380606352971668], "10_25": [0.7387294988257196, 0.7338927004956628, 0.7705894626627401, 0.8195893232547821, 0.7139107087642593, 0.768296264290215, 0.7350026470742255, 0.769416124319678, 0.7630318720247313, 0.7920372343487135, 0.7443378858380236, 0.7299407080212631, 0.7156604675991771, 0.7346521239941487, 0.7512726018443795, 0.7267012686815977, 0.7428240619121346, 0.7341431476853835, 0.756233078312429, 0.773371212084476, 0.7724209864566774, 0.7871194214362258, 0.7620859276238389, 0.728907135687768, 0.7928906875652225], "15_25": [0.7020578495918528, 0.7771555690727929, 0.7639629251572233, 0.7165107727813009, 0.7232064548505497, 0.7163302311848908, 0.7148847543004622, 0.7335697547102612, 0.7151741766015539, 0.714312374399272, 0.7284246885222652, 0.734560111513594, 0.7421990872917588, 0.71445764693347, 0.7346854387132861, 0.7675854196475729, 0.7070718244992736, 0.7247426488269586, 0.7029713999262753, 0.7586402294060951, 0.7019732841025618, 0.7344321132434382, 0.7291520607225495, 0.7067064137688056, 0.7254093673759645], "20_10": [0.7270494724746908, 0.7218241325098549, 0.7276922014395539, 0.7306453130935142, 0.738621559887854, 0.7482182404827261, 0.7372790224202442, 0.7426582852562817, 0.7204011677333215, 0.7501603437003062], "25_10": [0.734478104007396, 0.7237611954403912, 0.7152180760133984, 0.7119033389687508, 0.7299325796819097, 0.736738658255073, 0.7211005008789375, 0.7164690199229266, 0.7084447958052594, 0.70431250967848], "50_5": [0.7034781812926567, 0.704922912177571, 0.7068012115535645, 0.7062973599988593, 0.7066759827615461]}, "RMSE_N_bootstrap": {"1_50": [0.3177513689194719, 0.3148728970995186, 0.4040284223142511, 0.3711627810725781, 0.3718866072978554, 0.33909892622939924, NaN, 0.47924961293159674, 0.31621950099906, 0.47444873197716897, 0.46196288572018046, 0.3292554611810404, 0.3142821102636967, 0.3354859562728114, 0.31621950099906, 0.36347342337092076, 0.46196288572018046, 0.3115012808117695, 0.28823875189628284, 0.3769334801721267, 0.3177513689194719, 0.47444873197716897, NaN, 0.3148728970995186, 0.3208485986708168, 0.265541306141018, 0.36347342337092076, 0.3508106445542321, 0.3711627810725781, 0.2832217505766199, 0.38848536459911964, 0.3177513689194719, 0.3833744420128638, 0.36548018847957153, 0.34238513058945486, 0.36347342337092076, 0.31621950099906, 0.2995519800168053, NaN, 0.2995519800168053, 0.38848536459911964, 0.2651949391671542, 0.3142821102636967, 0.3269778386190288, 0.3997167097762902, NaN, NaN, 0.3354859562728114, 0.36548018847957153, 0.2831809608172901], "2_50": [0.23302608069911782, 0.27073832176836793, 0.2927118577573258, 0.31259449372113607, 0.327141665024738, 0.30972814943893695, 0.27073832176836793, 0.26147120162843035, 0.38322245295936075, 0.2613867655157123, 0.2443255066244029, 0.3103653988055321, 0.2841944474110938, 0.3100775885736637, 0.2964474373385893, 0.2833529874770471, 0.29752589200272356, 0.25156012397622585, 0.25682071058767997, 0.2485823638180025, 0.24487961595936542, 0.3619377227466845, 0.28823875189628284, 0.23110797007076195, 0.27762655174296874, 0.4338729222494493, 0.25968935921758685, 0.2196323000665377, 0.3196931977048786, 0.28152368123312915, 0.33941012283621974, 0.2564583409653755, 0.3769334801721267, 0.31809081901903397, 0.4227649217171895, 0.2561190553756712, 0.2890715305319046, 0.2597510812334656, 0.34632367102818135, 0.47924961293159674, 0.2706454428210012, 0.3043859351158732, 0.28823875189628284, 0.23075319330072244, 0.2890715305319046, 0.2193907890469874, 0.34306233325979396, 0.26147067187073797, 0.26248650960494035, 0.27762655174296874],