{"1_50": [0.3177513689194719, 0.3148728970995186, 0.4040284223142511, 0.3711627810725781, 0.3718866072978554, 0.33909892622939924, NaN, 0.47924961293159674, 0.31621950099906, 0.47444873197716897, 0.46196288572018046, 0.3292554611810404, 0.3142821102636967, 0.3354859562728114, 0.31621950099906, 0.36347342337092076, 0.46196288572018046, 0.3115012808117695, 0.28823875189628284, 0.3769334801721267, 0.3177513689194719, 0.47444873197716897, NaN, 0.3148728970995186, 0.3208485986708168, 0.265541306141018, 0.36347342337092076, 0.3508106445542321, 0.3711627810725781, 0.2832217505766199, 0.38848536459911964, 0.3177513689194719, 0.3833744420128638, 0.36548018847957153, 0.34238513058945486, 0.36347342337092076, 0.31621950099906, 0.2995519800168053, NaN, 0.2995519800168053, 0.38848536459911964, 0.2651949391671542, 0.3142821102636967, 0.3269778386190288, 0.3997167097762902, NaN, NaN, 0.3354859562728114, 0.36548018847957153, 0.2831809608172901], "2_50": [0.23302608069911782, 0.27073832176836793, 0.2927118577573258, 0.31259449372113607, 0.327141665024738, 0.30972814943893695, 0.27073832176836793, 0.26147120162843035, 0.38322245295936075, 0.2613867655157123, 0.2443255066244029, 0.3103653988055321, 0.2841944474110938, 0.3100775885736637, 0.2964474373385893, 0.2833529874770471, 0.29752589200272356, 0.25156012397622585, 0.25682071058767997, 0.2485823638180025, 0.24487961595936542, 0.3619377227466845, 0.28823875189628284, 0.23110797007076195, 0.27762655174296874, 0.4338729222494493, 0.25968935921758685, 0.2196323000665377, 0.3196931977048786, 0.28152368123312915, 0.33941012283621974, 0.2564583409653755, 0.3769334801721267, 0.31809081901903397, 0.4227649217171895, 0.2561190553756712, 0.2890715305319046, 0.2597510812334656, 0.34632367102818135, 0.47924961293159674, 0.2706454428210012, 0.3043859351158732, 0.28823875189628284, 0.23075319330072244, 0.2890715305319046, 0.2193907890469874, 0.34306233325979396, 0.26147067187073797, 0.26248650960494035, 0.27762655174296874], "3_50": [0.2571674594403165, 0.24352306448912103, 0.31188381794293984, 0.24020141790432564, 0.2696357943538547, 0.27698094298274467, 0.2831670506744354, 0.24783084634916208, 0.27834173339937796, 0.27077905743141156, 0.33747757515314897, 0.2566913691712026, 0.2921148798403279, 0.25020959060717607, 0.2792901158086846, 0.2638223631757568, 0.2522301030267921, 0.2511151568531716, 0.3100937561554392, 0.2713034900360143, 0.3280520160332808, 0.3338083206925556, 0.2901421262179656, 0.2478051891821725, 0.31966953261666065, 0.2668053925594621, 0.20873923389194501, 0.31813865217579895, 0.2719501679449306, 0.31201022009663343, 0.3111947374776065, 0.26582103490498976, 0.3475888727535631, 0.32355095515129456, 0.24916071053360553, 0.26482470654995105, 0.24645449810671588, 0.3363122344638026, 0.2490152735433045, 0.2786678657832357, 0.2818845135113113, 0.2648247050401869, 0.27380962617945986, 0.29843264615403575, 0.29475216615732847, 0.2227443619461008, 0.2529814303415444, 0.2774568627318441, 0.35416114891151385, 0.23075568051066767], "5_50": [0.3237123434411342, 0.2413680997530951, 0.252641908750138, 0.2583734020341535, 0.3034103553442986, 0.26700998155158345, 0.2555404305312438, 0.25575978204753974, 0.23904309662629666, 0.26425532030357757, 0.2993597206557428, 0.2711947358614997, 0.24686698241806201, 0.27297633192757725, 0.2610173748049098, 0.2608737378860226, 0.25879625407700546, 0.2685997279160496, 0.23141185264717054, 0.2903509550704302, 0.24136757166955544, 0.2442216528340136, 0.31891068000028217, 0.23064090091001896, 0.23377884472357538, 0.32603451731533417, 0.2829285937834224, 0.25954696405351196, 0.250106977166574, 0.25621953255679486, 0.23108838587347943, 0.22843946093059367, 0.28591545494828785, 0.2917216612794822, 0.2783153544217629, 0.27764491113456197, 0.2258674794900366, 0.23500391466649778, 0.24773875393242445, 0.2702372461178181, 0.2507191255966082, 0.2701641317905471, 0.23610130820982955, 0.2994731772941007, 0.25582967548996394, 0.19607074229938204, 0.2267270841985034, 0.2841970003473076, 0.24454108561680024, 0.2502377176274509], "10_25": [0.2339970504721451, 0.22508844485600082, 0.2519925757842149, 0.24557214371908354, 0.251871465825483, 0.24978139691204598, 0.23710961686504572, 0.2444938101503585, 0.25977359864877975, 0.25496352429180846, 0.23108431421142406, 0.26287413209364546, 0.24217002476270663, 0.23499461369170654, 0.2686534206973759, 0.26102999596609494, 0.24955633495488816, 0.25555640440562644, 0.26543402743388517, 0.25412878834837105, 0.23900417051860462, 0.23905171300941835, 0.24287550489158516, 0.23773782987266953, 0.274655088978272], "15_25": [0.2382390068678248, 0.2460295064419534, 0.23786580521457998, 0.25545536517164513, 0.2623246506169285, 0.23611366607668993, 0.21910053527165807, 0.24273616927025926, 0.2512635836810591, 0.24897993875457827, 0.23296035578816998, 0.24675691985710183, 0.23614763186051552, 0.2352291335668703, 0.24584032446230442, 0.2502109493465342, 0.25620838550769287, 0.23376053044472753, 0.23508534061836112, 0.2320687642872064, 0.2594319773424686, 0.23965247395277572, 0.2526125841013147, 0.2338459569294983, 0.2590460855642571], "20_10": [0.22529584983605191, 0.24615405205852078, 0.24214646920604327, 0.23915862756380601, 0.22878707315580332, 0.23890624755054413, 0.24239453048619256, 0.22859070713249274, 0.239870873505426, 0.23361313590175536], "25_10": [0.23154214430196474, 0.2312139915993294, 0.23833042316076122, 0.2395112916783445, 0.23089630591623245, 0.23006987727854267, 0.22547339254210724, 0.23048790770454392, 0.25316049358767717, 0.24424997123543918]}