{"1_50": [2.4127700020306966, 2.142479297102061, 2.5422357947545846, 2.621904116531775, 2.298962711718493, 2.5547826889254526, 2.161067259353231, 2.8109828250328173, 2.3421738836749744, 2.355151594122295, 2.2977980334812105, 2.292103156756468, 3.1492917696176836, 2.325606523884984, 2.3421738836749744, 2.3421622678295724, 2.2977980334812105, 2.516846370235989, 2.5621210075128134, 2.6558876524244837, 2.4127700020306966, 2.355151594122295, 2.161067259353231, 2.142479297102061, 2.074147922290461, 2.4175902857599714, 2.3421622678295724, 2.238611883446058, 2.621904116531775, 2.6551586596078374, 2.0012239081942806, 2.4127700020306966, 2.435008360717622, 2.321563205200221, 1.9806462319983726, 2.3421622678295724, 2.3421738836749744, 2.479615527340086, 2.4513977523538326, 2.479615527340086, 2.0012239081942806, 1.9275172463844177, 3.1492917696176836, 2.350272074718523, 2.7068823357949188, 2.4033915004316, 2.517207245909099, 2.325606523884984, 2.321563205200221, 1.993874052027953], "2_50": [1.7597032413503118, 2.2146039084332907, 2.390103251560197, 1.7505682034279022, 2.423778184535764, 1.884750927258022, 2.2146039084332907, 1.8976226794220477, 2.6954089419763343, 1.9516499362967843, 2.0908370273349295, 2.3020525906113454, 2.0713403049792496, 2.233564430870063, 1.9611521057878982, 2.3843934932940596, 1.7609536617117678, 1.947024137993115, 1.7342300168123763, 1.9692762609088799, 2.075843947556247, 2.169336793710147, 2.5615002796557405, 1.8915687555152452, 1.6809895257936784, 2.071237874992609, 1.8990196501359464, 1.5947150954900486, 2.0809177983447724, 2.036026487784379, 2.7501413180743146, 1.8159926567835043, 2.643310745641827, 1.5626456142152994, 2.5243321068653084, 1.8217938680812245, 2.174800572845386, 1.9145834780541393, 1.990946288758281, 2.7931888045843762, 2.0049470536732827, 1.9881902905221285, 2.5615002796557405, 1.7111754552562073, 2.1905534758318557, 1.918180402220602, 2.0641370287239993, 1.908282569745552, 2.137511009366364, 1.6809895257936784], "3_50": [1.7099171054480093, 1.5499461648119273, 2.0776530768953925, 2.10536983791274, 1.8813597882658437, 1.879236025800311, 1.7770622748387477, 1.448577015213275, 1.8482746488814799, 1.745330457235916, 1.716397880472631, 1.6033896898886073, 1.624285581822522, 2.029441748825971, 1.6794498055542615, 1.7227173728536114, 1.7745110284942922, 2.1599825382833098, 1.7952746700078206, 1.6945810636099983, 1.8628614761283862, 1.7417979113728768, 2.2060778504746583, 1.9016616990374289, 2.1583161964231268, 1.8543476635521312, 1.8509817743924692, 2.068531180010572, 1.6066329416190595, 1.9557563631162642, 1.8259657519373642, 1.6670922514274227, 1.9857156929234347, 1.9052623112522136, 2.0233437599876765, 1.7602424344656067, 1.7733884858250235, 1.7273864256144944, 2.092469169841093, 1.9492516711625492, 2.079094518796299, 1.7602424670864107, 2.2499856207798348, 2.031037611176582, 1.9226345462456513, 1.8325753228762953, 1.8648188089578055, 1.5161156849771922, 2.0054612182102183, 1.958750139815992], "5_50": [1.5258722657327035, 1.7379055371694816, 1.628431270577349, 1.5986357159563473, 1.7651596765957778, 1.7297075616887712, 1.471943564220039, 1.756498380014584, 1.5734101539170184, 1.6919466867383937, 1.713994813804454, 2.0848788144062294, 1.6272129004336213, 2.1353779846073953, 1.5608378642460676, 1.5913939231310645, 1.5391552744819887, 1.6252829463221505, 1.5520306606985828, 1.6917509661209111, 1.7079331104053659, 1.6482212610196874, 2.0634891675313622, 1.5939944666815413, 1.7405969896056024, 1.7095605122447286, 1.5895632919154465, 1.604398451749268, 1.3929060739129329, 1.7107731077253976, 1.660714687035934, 1.671467950201201, 1.6290634072926147, 1.7108052131141858, 2.1182943359031188, 1.6419822203801109, 1.6012995438155262, 1.7665163646931212, 1.8885368722609788, 1.6740277576331903, 1.5672076685444987, 1.4400983107891625, 1.3916007541044266, 1.7415208527927362, 1.5118454537260682, 2.0340245823975027, 1.741004071708031, 1.5010616058208488, 1.5747025796853884, 1.5628197975286133], "10_25": [1.4999125404896523, 1.5171827877043103, 1.602151501530311, 1.7545207048344036, 1.521453703198085, 1.4390353118390102, 1.449635611884057, 1.5097288770317678, 1.594957887831845, 1.4810881140723497, 1.5460639717322948, 1.6424220612363358, 1.4710511875744707, 1.4098670627292689, 1.617390660597629, 1.553998805245105, 1.5276259409789663, 1.5671323929597991, 1.6828701078388377, 1.5615679745951871, 1.377827208825159, 1.5775354160315942, 1.6289661265985897, 1.5652863278296816, 1.7164965476956258], "15_25": [1.3961504533044757, 1.5140841950098434, 1.4835074605476155, 1.4123211737770833, 1.3452383583705816, 1.4459135075755545, 1.434876478247543, 1.3808074727884752, 1.4198940203271166, 1.4331419346564114, 1.5162306860847243, 1.3937593436485285, 1.562971028281196, 1.4187152161142833, 1.5268864827643835, 1.594698234687449, 1.3528002067453917, 1.3896277133943404, 1.4525369371255177, 1.5337682016533967, 1.433693688878301, 1.4799570513250402, 1.5051989796261291, 1.3731264005857993, 1.467135757884693], "20_10": [1.4085649772589939, 1.4586535378036414, 1.396265473580153, 1.561968500004379, 1.4698508357076374, 1.5328350380268898, 1.462643040382647, 1.5054428431997402, 1.4418665883946935, 1.4835988172049903], "25_10": [1.4958106929362889, 1.398383922071725, 1.4168088585284428, 1.3751620622465262, 1.455541588770204, 1.4675044085350897, 1.4950914383559801, 1.405073382383444, 1.4996073271610628, 1.368338795374904]}
