{"chi1": {"CYS1": [], "ARG4": [], "ARG6": [], "VAL7": [], "ARG8": [-1.0156035423278809, -0.9635055661201477, -1.053136944770813, -0.9974461197853088, -0.9745441675186157, -1.0067403316497803], "GLU9": [], "TYR10": [], "SER11": [], "ARG12": [3.0896379947662354, 3.1260569095611572, -3.1242549419403076, 3.129314422607422, -3.1185989379882812, 3.138404130935669, -3.113762855529785], "GLU14": [-0.9717867374420166], "LEU15": [], "VAL16": [], "ILE17": [], "THR19": [], "LEU20": [3.111602306365967], "CYS21": [], "ARG22": [], "VAL23": [], "ARG24": [], "VAL25": [], "TYR26": [], "SER27": [], "LYS28": [], "ARG29": [-0.6782242059707642], "PRO30": [], "GLU33": [], "VAL34": [], "HIS35": [], "LEU38": [], "GLU39": [-1.320278525352478], "GLU40": [], "VAL41": [], "PHE42": [], "THR43": [], "LEU44": [3.099444627761841], "LEU45": [], "GLN46": [], "GLN47": [], "GLN48": [], "GLU49": [], "MET50": [], "VAL51": [], "LEU52": [], "SER53": [], "TYR55": [], "ARG56": [], "ASP57": [], "ASP58": [], "SER59": [1.1089788675308228], "LEU61": [], "LEU64": [], "ASN65": [], "GLN67": [], "SER70": [], "PRO72": [], "VAL73": [], "VAL74": [], "VAL75": [], "ASP76": [], "ARG77": [], "SER78": [], "LEU79": [], "TYR80": [], "LEU82": [], "LEU83": [-1.2173614501953125, -1.1790140867233276, -1.1278446912765503, -1.2182015180587769, -1.2270232439041138, -1.2819801568984985], "GLU84": [], "ARG85": [], "LEU87": [-1.0934474468231201, -1.1196054220199585, -1.0967187881469727, -1.1576024293899536, -1.1390973329544067, -1.1743658781051636, -1.1691988706588745], "PHE88": [], "PHE89": [], "GLU91": [], "LYS92": [], "SER93": [], "PHE97": [], "ASN98": [], "PRO99": [], "LEU101": [], "VAL104": [], "VAL105": [], "LYS106": [], "LEU107": [-1.5019506216049194], "TRP108": [], "ASN109": [], "ILE110": [], "PHE112": [], "ASP113": [], "ARG114": [], "VAL117": [], "PRO118": [], "ASP119": [-0.7932448983192444], "PRO120": [], "ASP121": [], "LEU123": [], "LYS124": [], "GLU125": [], "LEU127": [-1.504099726676941, -1.4467285871505737, -1.3235371112823486, -1.470563292503357, -1.3789976835250854, -1.4680618047714233], "THR128": [], "ARG129": [], "CYS130": [], "ASP131": [], "PHE132": [], "ARG133": [-1.0877152681350708, -1.1502431631088257, -1.2367253303527832, -1.1350998878479004, -1.1014195680618286, -1.1144448518753052], "GLN134": [], "VAL135": [], "HIS136": [], "LEU137": [], "ARG138": [], "VAL141": [-1.0953752994537354], "SER142": [], "VAL143": [], "PRO146": [], "HIS147": [], "THR148": [], "VAL149": [3.1150121688842773], "GLN150": [], "LEU151": [], "GLN153": [], "MET156": [], "GLN157": [-0.9035971760749817, -1.0025235414505005, -0.9772319197654724, -0.9693968892097473, -1.0280531644821167, -0.9448511004447937, -0.952517569065094], "LEU158": [-1.1667888164520264], "ASP159": [], "LEU160": [], "ILE163": [], "LYS165": [], "PHE167": [], "LEU168": [], "ASP170": [], "LYS171": [-2.6861538887023926], "ILE172": [], "VAL173": [], "GLN174": [], "LEU175": [-3.058185338973999], "LEU176": [], "THR177": [], "HIS179": [], "LEU181": [-0.9511618614196777], "ASP182": [], "SER183": [], "LEU185": [-2.9682326316833496, -2.934619426727295, -2.9515695571899414, -2.949007034301758, -2.9592294692993164, -2.8628599643707275], "VAL186": [], "ASP187": [], "LEU188": [-0.8514654040336609], "ASN191": [], "ILE192": [], "PHE193": [], "LEU195": [3.095597267150879], "LEU197": [], "LYS198": [], "TYR199": [], "ASP201": [], "VAL202": [], "ARG203": [], "SER204": [], "GLN208": [], "ARG209": [], "LEU210": [-0.9101394414901733], "GLU211": [], "TRP212": [], "ASN213": [], "VAL214": [3.0795583724975586], "ILE216": [], "ARG217": [], "ASP218": [], "PRO219": [], "HIS220": [], "THR222": [], "GLN224": [], "LYS225": [], "PRO226": [], "LEU228": [], "VAL229": [], "VAL230": [], "SER231": [], "VAL232": [], "ARG233": [], "ASP234": [], "CYS235": [], "SER236": [], "VAL237": [], "VAL238": [], "THR239": [], "SER240": [], "TYR243": [], "GLU244": [], "ARG245": [3.063196897506714], "PHE246": [], "PHE247": [], "GLU248": [], "ARG249": [], "ASP250": [], "VAL252": [], "ARG253": [], "TYR254": [-1.0381110906600952], "HIS255": [], "HIS256": [], "ILE257": [], "ILE258": [], "ASP259": [], "PRO260": [], "VAL261": [], "THR262": [], "PHE264": [], "PRO265": [], "HIS267": [-1.3351768255233765, -1.353097677230835], "THR268": [], "ASP269": [1.1045479774475098, 1.0550017356872559, 1.0507971048355103, 1.0572328567504883, 1.0532516241073608], "VAL270": [], "ASP271": [-1.4483634233474731], "SER272": [], "VAL273": [0.8542553186416626], "SER274": [], "ILE275": [], "PHE276": [-1.0631701946258545], "PRO278": [-0.35734376311302185], "ARG279": [], "SER280": [], "THR281": [-1.1215379238128662], "ASP282": [-1.1005662679672241, -1.0339716672897339], "ASP284": [-2.8243625164031982], "LEU286": [], "THR288": [], "CYS290": [], "PHE291": [], "VAL292": [], "LEU293": [], "TYR295": [], "GLU296": [], "LYS297": [], "SER298": [], "CYS299": [], "LEU301": [], "LEU302": [], "ARG303": [], "GLU304": [], "PHE305": [], "PRO306": [], "VAL308": [], "ASP309": [], "LEU311": [-3.125053882598877, -3.1011416912078857, -3.0713086128234863, 3.137894630432129, -3.0699470043182373], "PHE312": [], "ILE313": [], "PHE314": [], "PRO315": [], "ASP316": [], "LYS317": [], "ARG318": [], "VAL319": [-3.127624034881592], "ARG320": [], "SER322": [], "ILE325": [0.9904700517654419], "VAL326": [], "ASP327": [-1.0533790588378906], "ARG328": [-1.0744409561157227, -1.0614392757415771, -1.0708019733428955, -1.0505465269088745, -1.0548218488693237], "VAL329": [3.027503252029419, 3.1013989448547363, 3.1163110733032227, 3.0960867404937744, 3.0784518718719482], "ARG330": [-3.108309268951416, -3.0648245811462402, -3.128476619720459, -1.0417598485946655, 3.0378448963165283, -3.126265525817871], "VAL331": [3.0349159240722656], "LEU332": [], "ASP333": [], "ARG335": [], "PHE336": [], "VAL337": [3.005722999572754], "LEU338": [], "GLU339": [], "ARG340": [-1.3433003425598145, -1.3163213729858398, -1.2506515979766846, -1.1621572971343994, -1.2257108688354492, -1.1290619373321533]}, "chi2": {"ARG4": [], "ARG6": [], "ARG8": [3.042743444442749, 3.1191251277923584, -3.051546096801758, 3.1004867553710938, 3.082664966583252, 3.1169018745422363], "GLU9": [], "TYR10": [], "ARG12": [3.0068323612213135, 2.9299323558807373, 2.895780086517334, 2.860311985015869, 2.939427375793457, 2.9387478828430176, 2.9201791286468506], "GLU14": [3.0580875873565674], "LEU15": [], "ILE17": [], "LEU20": [1.09243905544281], "ARG22": [], "ARG24": [], "TYR26": [], "LYS28": [], "ARG29": [-1.23445725440979], "PRO30": [], "GLU33": [], "HIS35": [], "LEU38": [], "GLU39": [-1.4522485733032227], "GLU40": [], "PHE42": [], "LEU44": [2.613452434539795], "LEU45": [], "GLN46": [], "GLN47": [], "GLN48": [], "GLU49": [], "MET50": [], "LEU52": [], "TYR55": [], "ARG56": [], "ASP57": [], "ASP58": [], "LEU61": [], "LEU64": [], "ASN65": [], "GLN67": [], "PRO72": [], "ASP76": [], "ARG77": [], "LEU79": [], "TYR80": [], "LEU82": [], "LEU83": [3.0207645893096924, 2.982362985610962, 2.903799533843994, 3.011390447616577, 3.03281307220459, 2.97174072265625], "GLU84": [], "ARG85": [], "LEU87": [3.0571980476379395, 3.057664155960083, 2.98504638671875, 3.005162000656128, 2.9716222286224365, 3.0865046977996826, 3.023536443710327], "PHE88": [], "PHE89": [], "GLU91": [], "LYS92": [], "PHE97": [], "ASN98": [], "PRO99": [], "LEU101": [], "LYS106": [], "LEU107": [-3.1145498752593994], "TRP108": [], "ASN109": [], "ILE110": [], "PHE112": [], "ASP113": [], "ARG114": [], "PRO118": [], "ASP119": [0.9693760871887207], "PRO120": [], "ASP121": [], "LEU123": [], "LYS124": [], "GLU125": [], "LEU127": [2.8468825817108154, 2.9182350635528564, 2.946810483932495, 2.9042577743530273, 2.8277926445007324, 2.978870153427124], "ARG129": [], "ASP131": [], "PHE132": [], "ARG133": [-2.9857890605926514, -3.0388741493225098, 3.007571220397949, -3.0513312816619873, -2.826550245285034, -2.8633904457092285], "GLN134": [], "HIS136": [], "LEU137": [], "ARG138": [], "PRO146": [], "HIS147": [], "GLN150": [], "LEU151": [], "GLN153": [], "MET156": [],