{"chi1": {"ARG2": [-1.0366111993789673], "ILE3": [2.770314931869507], "SER4": [2.192478656768799], "MET5": [-2.2990994453430176], "THR6": [0.9378999471664429], "VAL7": [2.8828952312469482], "LYS8": [-1.1104892492294312], "LYS9": [-0.9939039349555969, -0.990155816078186], "LEU10": [2.9531407356262207], "TYR11": [-1.083223581314087], "PHE12": [-1.2299855947494507], "ILE13": [-1.000575065612793], "PRO14": [-0.4837126135826111], "ARG17": [-0.9444808959960938], "CYS18": [-2.9852211475372314], "MET19": [-0.9180252552032471], "LEU20": [-1.670211911201477], "ASP21": [-3.0389404296875], "HIS22": [1.151655912399292], "SER23": [1.1584818363189697], "SER24": [-1.23128342628479, -1.219348669052124], "VAL25": [-0.9436683058738708], "ASN26": [3.1016294956207275], "SER27": [-0.9321694374084473, -0.9486126899719238, -0.9351281523704529, -1.0100057125091553, -0.9622892141342163], "LEU29": [-1.0762730836868286], "THR30": [1.774312138557434], "PRO31": [-0.41551855206489563], "LYS33": [-1.0792299509048462], "LEU34": [-1.122994303703308], "LEU35": [-1.0297191143035889, -1.0001718997955322], "ASN36": [-2.981252431869507], "LEU37": [-1.0284510850906372], "PRO38": [0.4787321984767914], "VAL39": [3.0498290061950684], "TRP40": [-1.0727438926696777], "CYS41": [1.1655467748641968], "TYR42": [-0.8191763162612915], "LEU43": [-3.085322618484497], "LEU44": [-1.0746657848358154, -1.1279852390289307], "GLU45": [-1.067617416381836], "THR46": [1.422139048576355], "GLU47": [3.0909292697906494], "GLU48": [-1.142659068107605, -1.0988434553146362], "PRO50": [0.547302782535553], "ILE51": [-1.1216514110565186], "LEU52": [3.1217195987701416], "VAL53": [-3.132500410079956], "ASP54": [-1.2076492309570312], "THR55": [1.1702371835708618], "MET57": [-1.262121558189392], "PRO58": [0.4740232229232788], "GLU59": [1.573093295097351], "SER60": [1.0062872171401978], "VAL62": [3.005181074142456], "ASN63": [-1.0999705791473389], "ASN64": [-3.0004472732543945, -2.973548650741577], "GLU65": [-1.1279584169387817], "LEU67": [3.0964431762695312], "PHE68": [-1.1156569719314575], "ASN69": [-1.2221431732177734], "THR71": [1.2844734191894531], "PHE72": [1.4342107772827148, 1.2822113037109375, 1.321257472038269, 1.3367999792099, 1.5486388206481934], "VAL73": [1.7396773099899292], "GLU74": [2.90218186378479], "GLN76": [-1.0779595375061035], "ILE77": [-0.9555095434188843], "LEU78": [-1.1526538133621216], "PRO79": [0.29883867502212524], "LYS80": [-1.0475696325302124], "MET81": [-2.9787535667419434], "THR82": [1.2786601781845093], "GLU83": [3.1288957595825195], "GLU84": [-1.3160799741744995, 1.2878849506378174], "ASP85": [-1.0488320589065552], "ARG86": [-1.1374096870422363], "ILE87": [-2.877633571624756], "VAL88": [2.9390594959259033], "ASN89": [-1.1753649711608887], "ILE90": [-1.0905065536499023], "LEU91": [-1.368465542793274], "LYS92": [-3.0014543533325195], "ARG93": [-1.131375789642334], "VAL94": [2.86242413520813], "TYR96": [-1.196028232574463], "GLU97": [-1.0340170860290527], "PRO98": [-0.6705379486083984], "ASP99": [-1.3091768026351929], "ASP100": [-1.1310292482376099, -1.1395167112350464], "LEU101": [-1.3548786640167236], "LEU102": [-3.117098093032837, -3.1133780479431152], "TYR103": [-1.1351326704025269], "ILE104": [-0.8357446193695068], "ILE105": [-1.0900613069534302, -1.131025791168213], "SER106": [-1.1467076539993286], "SER107": [1.108916997909546, 1.078303575515747], "HIS108": [1.0943962335586548], "LEU109": [-1.0683388710021973], "HIS110": [-1.313287377357483], "PHE111": [1.611262321472168], "ASP112": [0.9804366230964661], "HIS113": [-1.0899410247802734], "ASN117": [-1.3936076164245605], "PHE120": [-0.9514120817184448], "THR121": [1.0838167667388916], "ASN122": [-1.0771784782409668], "THR123": [-0.912837028503418], "PRO124": [-0.28221502900123596], "ILE125": [-1.046656847000122], "ILE126": [-1.094819188117981, -1.049357533454895], "VAL127": [1.0577560663223267], "GLN128": [-1.25010347366333], "ARG129": [-3.040450096130371], "THR130": [0.8408834934234619], "GLU131": [-2.9722023010253906], "TYR132": [3.1270275115966797], "GLU133": [-1.2185760736465454], "LEU136": [-1.4987434148788452], "HIS137": [-1.1627633571624756], "ARG138": [-1.0194014310836792], "GLU139": [-0.9861921668052673], "GLU140": [1.2011001110076904, -1.1314003467559814], "TYR141": [-1.399137020111084], "MET142": [-1.1238772869110107], "LYS143": [-0.9858332276344299], "GLU144": [-1.1729679107666016, -1.1286369562149048, -1.1693676710128784, -1.215356469154358, -1.1883299350738525], "CYS145": [-1.0669872760772705], "ILE146": [-2.9615719318389893], "LEU147": [-1.2007502317428589], "PRO148": [0.4291239082813263], "HIS149": [-1.0588650703430176], "LEU150": [-0.9206104278564453], "ASN151": [-3.038965940475464], "TYR152": [-1.1823625564575195], "LYS153": [-3.08634352684021], "ILE154": [-1.044555902481079], "ILE155": [1.1359291076660156, 1.1022297143936157], "GLU156": [-1.0846836566925049], "ASP158": [-1.2781298160552979], "TYR159": [-3.01027512550354], "GLU160": [3.058284282684326, -3.1312029361724854, 3.030815601348877, 3.0951669216156006, 3.0961272716522217], "VAL161": [3.1059985160827637], "VAL162": [-1.1290135383605957, -1.09760582447052], "PRO163": [-0.5008682608604431], "VAL165": [3.1353838443756104, -3.1335504055023193, -3.0723729133605957, -3.1317062377929688, -3.1167638301849365], "GLN166": [-2.2218239307403564], "LEU167": [-1.113694190979004], "LEU168": [-1.1787216663360596, -1.2065720558166504], "TYR169": [-3.0035512447357178], "THR170": [0.9247235655784607], "PRO171": [0.5581476092338562], "HIS173": [2.9439752101898193], "SER174": [1.2101482152938843], "PRO175": [-0.5979660749435425, -0.4867679476737976, -0.49010783433914185, -0.4529709219932556, -0.5212250351905823], "HIS177": [-3.1221609115600586, -3.0978312492370605, 3.085968255996704, 3.1388487815856934, -3.0975446701049805], "GLN178": [1.0158108472824097], "SER179": [-0.9793197512626648], "LEU180": [-1.2267229557037354], "PHE181": [-2.960477828979492], "ILE182": [-1.0387929677963257], "GLU183": [-1.1791808605194092], "THR184": [1.3301568031311035], "GLU185": [-2.9780802726745605], "GLN186": [-1.0609773397445679], "SER187": [-1.013225793838501], "SER189": [-1.011215329170227], "VAL190": [3.0683321952819824], "LEU191": [3.0412726402282715], "LEU192": [-1.0432981252670288, -0.9077107310295105], "THR193": [1.1148918867111206], "ILE194": [-0.5710461735725403], "ASP195": [-1.2219507694244385], "SER197": [-1.5443346500396729], "TYR198": [-1.372800588607788], "THR199": [1.2824151515960693], "LYS200": [-3.101839303970337], "GLU201": [1.645638346672058], "ASN202": [-1.0400652885437012], "PHE203": [-3.070606231689453], "GLU204": [-1.2982362508773804], "ASP205": [-1.0733940601348877], "GLU206": [-1.0699529647827148], "VAL207": [2.9417293071746826], "PRO208": [-0.37554752826690674], "PHE209": [1.1297991275787354], "PHE212": [2.9652528762817383], "ASP213": [-3.106177568435669], "PRO214": [-0.49613156914711], "GLU215": [3.0003201961517334], "LEU216": [-1.8497636318206787], "LEU218": [3.0666253566741943], "SER219": [1.078035593032837], "SER220": [-1.2168830633163452, -1.2484958171844482], "ILE221": [-1.2548863887786865], "LYS222": [-1.1417262554168701], "ARG223": [-3.096881628036499], "LEU224": [-1.2509801387786865], "LYS225": [-1.2880198955535889], "GLU226": [-1.1186789274215698], "VAL227": [3.082939624786377], "VAL228": [2.912640333175659, 2.8743255138397217], "LYS229": [-1.3925474882125854, -1.2479358911514282, -1.4778027534484863, -1.4052350521087646, -1.2198141813278198], "LYS230": [-1.0284924507141113, -1.4215736389160156], "GLU231": [-0.8933906555175781], "LYS232": [-1.07994544506073], "PRO233": [0.6490886211395264], "ILE234": [-0.9724968075752258], "ILE235": [-0.8997626304626465, -0.8575863838195801], "PHE236": [-1.1510305404663086], "PHE237": [-0.8584519624710083, -0.998681902885437], "HIS239": [-1.1328319311141968], "ASP240": [-2.9691357612609863], "ILE241": [-1.2735726833343506], "GLU242": [-1.002629280090332], "GLN243": [-2.884464979171753], "GLU244": [3.112783908843994],