{"chi1": {"MET1": [], "SER2": [], "THR3": [], "LYS5": [], "PRO7": [], "THR8": [-1.0150659084320068, -1.047141432762146], "LEU9": [], "PRO10": [], "SER12": [], "ILE13": [], "PHE14": [], "ARG15": [], "TYR17": [], "ASP18": [], "ILE19": [], "ARG20": [-1.2792550325393677], "VAL22": [], "VAL23": [], "ASP25": [], "THR26": [], "LEU27": [], "THR28": [], "GLU30": [], "THR31": [-1.098712682723999, -0.884584903717041, -1.2677688598632812], "TYR33": [], "TRP34": [], "ILE35": [], "ARG37": [], "ILE39": [-1.0634926557540894, -1.153944492340088], "SER41": [], "GLU42": [], "SER43": [], "LEU44": [], "ARG46": [-0.9605177640914917], "GLU48": [], "PRO49": [], "CYS50": [], "VAL51": [], "VAL53": [], "ARG55": [1.1933298110961914], "ASP56": [], "ARG58": [], "LEU59": [], "SER60": [], "PRO62": [], "GLU63": [], "LEU64": [-2.94335675239563, -1.4146277904510498, -1.0025135278701782], "VAL65": [], "LYS66": [], "GLN67": [], "LEU68": [2.8911516666412354, 2.9218006134033203, 2.9513089656829834], "ILE69": [], "GLN70": [], "LEU72": [-1.169466257095337, -1.2278498411178589, -1.115943193435669, -1.1747301816940308, -1.1894607543945312, -1.2191457748413086, -1.1798889636993408, -1.1365212202072144, -1.1395114660263062, -1.3239855766296387], "VAL73": [2.871685266494751, 2.8836145401000977, 3.00677227973938, 2.9202773571014404, 2.8984873294830322, -0.38566043972969055, 2.852212429046631, -1.3624846935272217], "ASP74": [], "CYS75": [], "CYS77": [], "GLN78": [-1.0205824375152588, -0.9693847894668579, -0.9308055639266968, -1.096741795539856, -1.0819923877716064, -0.9895997643470764, -0.8794997334480286, -0.9073120355606079], "VAL79": [], "SER80": [], "ASP81": [], "VAL82": [-1.0649468898773193], "MET84": [], "VAL85": [], "PRO86": [], "THR87": [], "PRO88": [], "VAL89": [3.0674221515655518, 3.0213747024536133], "LEU90": [], "TYR91": [], "TYR92": [], "ASN95": [], "VAL96": [], "LEU97": [], "GLU98": [], "LYS100": [], "SER101": [], "VAL103": [], "MET104": [], "LEU105": [-3.1302239894866943, -3.0766470432281494, 3.087428569793701, 3.083967447280884, 3.083353042602539, 3.08534836769104, -3.1275784969329834], "THR106": [], "SER108": [], "HIS109": [], "ASN110": [], "PRO111": [], "PRO112": [], "ASP113": [], "TYR114": [], "ASN115": [], "PHE117": [], "LYS118": [], "ILE119": [], "VAL120": [], "VAL121": [], "GLU124": [], "THR125": [], "LEU126": [], "ASN128": [], "GLU129": [], "GLN130": [], "ILE131": [], "GLN132": [], "LEU134": [-1.087455153465271], "ARG135": [], "GLU136": [], "ARG137": [], "ILE138": [], "GLU139": [], "LYS140": [], "ASN141": [], "ASP142": [], "LEU143": [-1.0933250188827515], "SER145": [], "VAL147": [], "SER149": [1.1540181636810303], "VAL150": [], "GLU151": [], "GLN152": [], "VAL153": [], "ASP154": [], "ILE155": [], "LEU156": [], "PRO157": [], "ARG158": [], "TYR159": [], "PHE160": [], "LYS161": [], "GLN162": [], "ILE163": [-1.09515380859375], "ARG164": [], "ASP165": [], "ASP166": [], "ILE167": [-1.138273000717163], "MET169": [], "LYS171": [], "PRO172": [], "MET173": [-1.124036431312561], "LYS174": [], "VAL175": [], "VAL176": [], "VAL177": [], "ASP178": [], "CYS179": [], "ASN181": [], "VAL183": [1.2557276487350464], "VAL186": [-0.9895505309104919], "ILE187": [], "PRO189": [], "GLN190": [], "LEU191": [], "ILE192": [], "GLU193": [], "LEU195": [-1.0055298805236816], "CYS197": [], "SER198": [], "VAL199": [], "ILE200": [-1.0170425176620483], "PRO201": [], "LEU202": [], "TYR203": [], "CYS204": [], "GLU205": [], "VAL206": [], "ASP207": [], "ASN209": [], "PHE210": [], "PRO211": [], "ASN212": [], "HIS213": [], "HIS214": [], "PRO215": [0.5392541885375977], "ASP216": [3.130453586578369], "PRO217": [], "LYS219": [], "PRO220": [-0.4457537531852722], "GLU221": [], "ASN222": [], "LEU223": [], "LYS224": [], "ASP225": [-1.1719475984573364], "LEU226": [], "ILE227": [], "LYS229": [], "VAL230": [], "LYS231": [], "GLU233": [], "ASN234": [], "ASP236": [], "LEU237": [], "LEU239": [], "PHE241": [], "ASP242": [], "ASP244": [1.1180931329727173], "ASP246": [1.012367606163025], "ARG247": [], "VAL248": [], "VAL250": [], "VAL251": [], "THR252": [], "ASN253": [], "THR254": [], "THR256": [-0.9121135473251343], "ILE257": [], "ILE258": [], "TYR259": [], "PRO260": [], "ASP261": [], "ARG262": [], "LEU263": [], "LEU264": [], "MET265": [], "LEU266": [], "PHE267": [], "LYS269": [], "ASP270": [-2.7233667373657227], "VAL271": [], "VAL272": [], "SER273": [], "ARG274": [], "ASN275": [], "PRO276": [], "ASP279": [-1.2927842140197754], "ILE280": [], "ILE281": [], "PHE282": [], "ASP283": [1.24371337890625], "VAL284": [], "LYS285": [], "CYS286": [], "THR287": [], "ARG288": [], "ARG289": [], "LEU290": [], "ILE291": [], "LEU293": [], "ILE294": [], "SER295": [], "TYR297": [], "ARG300": [], "PRO301": [], "VAL302": [], "MET303": [], "TRP304": [], "LYS305": [], "THR306": [], "HIS308": [], "SER309": [], "LEU310": [], "ILE311": [], "LYS312": [], "LYS313": [-1.3158082962036133], "LYS314": [-1.2088301181793213, -1.3775696754455566, -1.2961616516113281, -1.284043312072754, -1.2050535678863525, -2.834007978439331, -1.2829402685165405], "MET315": [], "LYS316": [-1.1215578317642212], "GLU317": [], "THR318": [], "LEU321": [], "LEU322": [], "GLU325": [0.9921327829360962], "MET326": [], "SER327": [], "HIS329": [], "VAL330": [], "PHE331": [], "PHE332": [], "LYS333": [], "GLU334": [-2.9214279651641846, 1.09745454788208], "ARG335": [], "TRP336": [], "PHE337": [], "PHE339": [0.9378589987754822], "ASP340": [], "ASP341": [], "ILE343": [], "TYR344": [], "SER345": [], "ARG348": [], "LEU349": [], "LEU350": [], "GLU351": [], "ILE352": [-1.1471703052520752], "LEU353": [-1.1772501468658447], "SER354": [1.3340578079223633], "GLN355": [], "ASP356": [], "GLN357": [], "ARG358": [], "ASP359": [], "SER360": [], "GLU361": [], "HIS362": [], "VAL363": [], "PHE364": [], "SER365": [], "PHE367": [], "PRO368": [], "SER369": [1.0153692960739136, -2.669931173324585], "ASP370": [], "ILE371": [], "SER372": [], "THR373": [], "PRO374": [], "GLU375": [], "ILE376": [], "ASN377": [], "ILE378": [], "THR379": [], "VAL380": [], "THR381": [1.0689618587493896], "GLU382": [], "ASP383": [], "SER384": [], "LYS385": [], "PHE386": [], "ILE388": [], "ILE389": [], "GLU390": [-1.173689365386963], "LEU392": [], "GLN393": [], "ARG394": [], "ASP395": [], "GLN397": [-0.9315935373306274], "TRP398": [], "GLU400": [], "ASN402": [], "ILE403": [], "THR404": [], "THR405": [], "LEU406": [], "ASP407": [], "VAL409": [], "ARG410": [], "VAL411": [], "ASP412": [], "TYR413": [], "PRO414": [], "LYS415": [], "TRP417": [], "LEU419": [], "VAL420": [1.0400850772857666], "ARG421": [], "SER423": [], "ASN424": [], "THR425": [], "THR426": [], "PRO427": [], "VAL428": [2.917431354522705], "LEU429": [], "VAL430": [], "LEU431": [], "ARG432": [], "PHE433": [], "GLU434": [], "ASP436": [], "THR437": [], "GLU438": [], "GLU439": [-1.2419044971466064], "GLU440": [-1.14642333984375], "LEU441": [], "GLU442": [-1.1999661922454834, -1.1862682104110718], "ARG443": [], "ILE444": [], "LYS445": [], "THR446": [-1.1033967733383179], "VAL447": [], "PHE448": [], "ARG449": [], "ASN450": [], "GLN451": [], "LEU452": [], "LYS453": [-1.2393083572387695], "VAL455": [3.0376415252685547], "ASP456": [], "SER457": [], "SER458": [], "LEU459": [], "PRO460": [], "VAL461": [], "PRO462": [], "PHE463": []}, "chi2": {"MET1": [], "LYS5": [], "PRO7": [], "LEU9": [], "PRO10": [], "ILE13": [], "PHE14": [], "ARG15": [], "TYR17": [], "ASP18": [], "ILE19": [], "ARG20": [3.0213990211486816], "ASP25": [], "LEU27": [], "GLU30": [], "TYR33": [], "TRP34": [], "ILE35": [], "ARG37": [], "ILE39": [2.9510388374328613, 2.9898793697357178], "GLU42": [], "LEU44": [], "ARG46": [-2.923429489135742], "GLU48": [], "PRO49": [], "ARG55": [-3.0415751934051514], "ASP56": [], "ARG58": [], "LEU59": [], "PRO62": [], "GLU63": [], "LEU64": [0.9965288043022156, -3.104245662689209, -2.8929765224456787], "LYS66": [], "GLN67": [], "LEU68": [0.9949824213981628, 1.0109236240386963, 1.0304371118545532], "ILE69": [], "GLN70": [],