{"chi1": {"MET1": [], "SER2": [], "HIS3": [], "SER6": [-1.3056697845458984, -0.9870100021362305, -1.1659075021743774, -1.2032054662704468, 0.9994515776634216, 0.965275228023529], "SER7": [], "ARG8": [], "PRO9": [], "THR11": [], "ARG13": [-1.071062445640564, -0.9365105628967285, -1.0198074579238892, -0.9687035083770752, -1.0866594314575195, -0.9886983036994934], "LYS14": [], "SER15": [], "SER16": [], "LEU18": [], "SER19": [], "THR21": [], "VAL22": [], "ARG23": [], "ILE24": [], "PRO25": [], "ASP27": [], "LYS28": [], "SER29": [], "ILE30": [], "SER31": [], "HIS32": [], "ARG33": [], "SER34": [-1.12797212600708, -1.1282453536987305, -1.1816779375076294, -1.107726812362671, -1.158934235572815, -1.2078907489776611], "PHE35": [], "MET36": [], "PHE37": [], "LEU40": [], "SER42": [], "GLU44": [], "THR45": [], "ARG46": [], "ILE47": [], "THR48": [], "LEU50": [], "LEU51": [], "GLU52": [], "GLU54": [], "ASP55": [], "VAL56": [], "ILE57": [], "ASN58": [], "THR59": [], "LYS61": [], "MET63": [], "GLN64": [], "MET66": [], "ARG69": [], "ILE70": [], "ARG71": [], "LYS72": [], "GLU73": [], "ASP75": [], "THR76": [], "TRP77": [], "ILE78": [], "ILE79": [], "ASP80": [-1.1787309646606445, -1.1340546607971191, -1.1481616497039795, -1.1250640153884888, -1.080243706703186, -1.148978352546692], "VAL82": [], "ASN84": [], "LEU87": [], "LEU88": [], "PRO90": [], "GLU91": [], "PRO93": [], "LEU94": [-0.9491558074951172], "ASP95": [], "PHE96": [], "ASN98": [], "THR101": [], "CYS103": [], "ARG104": [], "LEU105": [], "THR106": [-1.0125863552093506, -0.9821186661720276, -1.034383773803711, -0.9467753767967224, -0.9973412156105042, -0.9946542382240295], "MET107": [], "LEU109": [], "VAL110": [], "VAL112": [], "TYR113": [], "ASP114": [], "PHE115": [], "ASP116": [], "SER117": [], "THR118": [], "PHE119": [], "ILE120": [], "ASP122": [], "SER124": [2.843775510787964], "LEU125": [], "THR126": [], "LYS127": [], "ARG128": [], "PRO129": [], "MET130": [], "ARG132": [], "VAL133": [], "LEU134": [], "ASN135": [], "PRO136": [0.3479427099227905], "LEU137": [], "ARG138": [], "GLU139": [], "MET140": [], "VAL142": [], "GLN143": [], "VAL144": [], "LYS145": [], "SER146": [], "GLU147": [], "ASP148": [], "ASP150": [], "ARG151": [], "LEU152": [], "PRO153": [], "VAL154": [], "THR155": [], "LEU156": [], "ARG157": [], "PRO159": [], "LYS160": [], "THR161": [], "PRO162": [], "THR163": [], "PRO164": [0.5600215196609497, 0.5253856182098389, 0.5602030158042908, 0.5401337742805481, 0.5612434148788452, 0.5749439001083374], "ILE165": [], "THR166": [-1.2340391874313354, -1.2114105224609375, -1.222963809967041, -1.2374861240386963, -1.199846863746643, -1.2262035608291626], "TYR167": [], "ARG168": [], "VAL169": [], "PRO170": [], "MET171": [], "SER173": [], "GLN175": [], "VAL176": [3.112859010696411], "LYS177": [], "SER178": [-1.0732998847961426, -1.0784834623336792, -1.1492589712142944, -1.0342844724655151, -1.1658623218536377, -1.0723508596420288], "VAL180": [], "LEU181": [], "LEU182": [], "LEU185": [], "ASN186": [], "THR187": [], "PRO188": [], "ILE190": [], "THR191": [], "THR192": [-1.0091716051101685, -1.0757442712783813, -1.0949914455413818, -1.0502415895462036, -1.1286098957061768, -1.0949736833572388], "VAL193": [], "ILE194": [], "GLU195": [], "PRO196": [], "ILE197": [-1.0460163354873657], "MET198": [], "THR199": [1.0415058135986328], "ARG200": [], "ASP201": [], "HIS202": [], "THR203": [], "GLU204": [], "LYS205": [], "MET206": [], "LEU207": [], "GLN208": [], "PHE210": [], "ASN213": [], "LEU214": [3.0869452953338623], "THR215": [], "VAL216": [], "GLU217": [], "THR218": [], "ASP219": [], "ASP221": [], "VAL223": [3.046442747116089], "ARG224": [], "THR225": [-1.102548360824585], "ILE226": [], "ARG227": [], "LEU228": [], "GLU229": [], "ARG231": [-1.2987844944000244], "LYS233": [], "LEU234": [], "THR235": [], "GLN237": [], "VAL238": [], "ILE239": [], "ASP240": [], "VAL241": [], "PRO242": [], "ASP244": [], "PRO245": [], "SER246": [], "SER247": [], "THR248": [], "PHE250": [], "PRO251": [], "LEU252": [], "VAL253": [], "LEU256": [], "LEU257": [-0.9457002878189087, -0.9337812066078186, -0.9195858240127563, -0.9611247181892395, -0.8914419412612915, -0.943619966506958], "VAL258": [3.063850164413452, 3.0818333625793457, 3.054551839828491, 3.0438997745513916, 3.0416276454925537, 3.0591530799865723], "PRO259": [], "SER261": [], "ASP262": [], "VAL263": [3.0284054279327393, 3.0671446323394775, 3.0555942058563232, 3.020153760910034, 3.0744433403015137, 3.0757670402526855], "THR264": [], "ILE265": [], "LEU266": [], "ASN267": [], "VAL268": [-3.061279296875, -3.1254026889801025, -3.0714974403381348, -3.064394950866699, -3.0416648387908936, -3.0640623569488525], "LEU269": [], "MET270": [], "ASN271": [], "PRO272": [], "THR273": [], "ARG274": [], "THR275": [], "LEU277": [], "ILE278": [], "LEU279": [], "THR280": [-1.0090583562850952, -0.9715982675552368, -0.9418537020683289, -0.985212504863739, -1.0251595973968506, -0.970024049282074, -1.0100276470184326], "LEU281": [], "GLN282": [], "GLU283": [], "MET284": [], "ASP287": [], "ILE288": [], "GLU289": [], "VAL290": [], "ILE291": [], "ASN292": [], "PRO293": [], "ARG294": [], "LEU295": [], "GLU299": [], "ASP300": [], "VAL301": [], "ASP303": [], "LEU304": [], "ARG305": [], "VAL306": [-2.897200345993042, -2.9629132747650146, -2.9237070083618164, -2.941890001296997, -2.884392738342285, -2.947432041168213], "ARG307": [], "SER308": [], "SER309": [], "THR310": [], "LEU311": [-1.058850884437561], "LYS312": [], "VAL314": [], "THR315": [-1.1542315483093262, -1.1803514957427979, -1.1781575679779053, -1.1911698579788208, -1.1642205715179443, -1.1461812257766724], "VAL316": [], "PRO317": [], "GLU318": [], "ASP319": [], "ARG320": [], "PRO322": [-0.4951833486557007, -0.5252684354782104, -0.5024005770683289, -0.5161948800086975, -0.4951384961605072, -0.4575188159942627], "SER323": [], "MET324": [], "ILE325": [], "ASP326": [-1.100534200668335], "GLU327": [], "TYR328": [], "PRO329": [-0.527113676071167], "ILE330": [-2.9417896270751953, -2.909499168395996, -2.950169086456299, -2.94674015045166, -2.9334020614624023, -2.991431951522827], "LEU331": [], "VAL333": [], "PHE337": [], "GLU339": [], "THR342": [], "VAL343": [], "MET344": [], "ASN345": [], "LEU347": [], "GLU348": [], "GLU349": [], "LEU350": [], "ARG351": [], "VAL352": [], "LYS353": [], "GLU354": [-1.2574876546859741, -1.2205629348754883, -1.244004487991333, -1.2632642984390259, -1.3350865840911865, -1.4186162948608398], "SER355": [], "ASP356": [], "ARG357": [], "LEU358": [], "SER359": [], "VAL361": [], "ASN363": [], "LEU365": [-1.1655064821243286], "LYS366": [], "LEU367": [], "ASN368": [-1.2101552486419678, -1.2482045888900757, -1.2372571229934692, -1.2093491554260254, -1.2127714157104492, -1.2533924579620361], "VAL370": [], "ASP371": [], "CYS372": [], "ASP373": [], "GLU374": [], "GLU376": [], "THR377": [], "SER378": [], "LEU379": [], "VAL380": [], "VAL381": [], "ARG382": [], "ARG384": [], "PRO385": [], "ASP386": [], "LYS388": [], "LEU390": [], "ASN392": [], "SER394": [], "VAL398": [], "THR400": [], "HIS401": [], "LEU402": [], "ASP403": [], "HIS404": [], "ARG405": [], "ILE406": [], "MET408": [], "SER409": [], "PHE410": [], "LEU411": [], "VAL412": [], "MET413": [-3.1256399154663086, -3.0815930366516113, -3.0944063663482666, 3.1385912895202637, -3.115818500518799, -3.0451765060424805], "LEU415": [], "VAL416": [], "SER417": [], "GLU418": [], "ASN419": [], "PRO420": [], "VAL421": [3.01920485496521, 3.0167455673217773, 3.0222675800323486, 2.9992501735687256, 3.0070810317993164, 3.0379951000213623], "THR422": [], "VAL423": [-1.1184923648834229], "ASP424": [], "ASP425": [], "THR427": [-1.1045655012130737, 1.0649908781051636, 1.1755073070526123, 1.0697895288467407, 1.2459430694580078, 1.1254348754882812], "MET428": [], "ILE429": [], "THR431": [], "SER432": [], "PHE433": [], "PRO434": [], "GLU435": [], "PHE436": [], "MET437": [], "ASP438": [], "LEU439": [], "MET440": [], "LEU443": [], "LYS446": [], "ILE447": [], "GLU448": [], "LEU449": [], "SER450": [], "ASP451": [],