{"dummy_avgs": {"ILE_CB_CG2": 0.7406060606060605, "ILE_CG1_CD1": 0.515625, "VAL_CB_CG1": 0.6432142857142857, "VAL_CB_CG2": 0.6503448275862069, "LEU_CG_CD1": 0.4172413793103448, "LEU_CG_CD2": 0.4242857142857143, "THR_CB_CG2": 0.7072972972972973, "ALA_CA_CB": 0.7926923076923077, "MET_CG_CE": 0.37714285714285717}, "dummy_errs": {"ILE_CB_CG2": 0.005953600819511668, "ILE_CG1_CD1": 0.0041809650500811415, "VAL_CB_CG1": 0.008899954138840795, "VAL_CB_CG2": 0.007347336466435351, "LEU_CG_CD1": 0.007779664946674812, "LEU_CG_CD2": 0.0176415557646121, "THR_CB_CG2": 0.014921268910099742, "ALA_CA_CB": 0.010204999354939692, "MET_CG_CE": 0.012205719636167903}}