{"A_LBP": {"af2chi": 0.6420769413410832, "af2chi_err": 0.1131581301571554, "af2chi_prior": 0.47068492489788705, "af2chi_prior_err": 0.140221461630127, "charmm36m": 0.7125813611274571, "charmm36m_err": 0.09888381040973092, "dummy": 0.6494900854816958, "dummy_err": 0.09174260671553143}, "FNfn10": {"af2chi": 0.6564861589201827, "af2chi_err": 0.06732783224325467, "af2chi_prior": 0.4411791722761248, "af2chi_prior_err": 0.11664456395919948, "charmm36m": 0.6872142981409701, "charmm36m_err": 0.08677237202377605, "dummy": 0.4740879242934097, "dummy_err": 0.09257880438377303}, "M_FABP": {"af2chi": 0.6243275565270456, "af2chi_err": 0.09506824159232036, "af2chi_prior": 0.514873109064705, "af2chi_prior_err": 0.10690029674165726, "charmm36m": 0.6164406067890615, "charmm36m_err": 0.09736473178971056, "dummy": 0.45558517322906356, "dummy_err": 0.1221727945465507}, "A3D": {"af2chi": 0.7500751045065833, "af2chi_err": 0.07271128532492335, "af2chi_prior": 0.7605538895004194, "af2chi_prior_err": 0.0688063694334247, "charmm36m": 0.47721772967746856, "charmm36m_err": 0.138977673367588, "dummy": 0.8063420606266296, "dummy_err": 0.06010765026400778}, "Fyn_SH3": {"af2chi": 0.5275750573675135, "af2chi_err": 0.15009148790967808, "af2chi_prior": 0.3839019061832916, "af2chi_prior_err": 0.187923362146353, "charmm36m": 0.8235736372452771, "charmm36m_err": 0.07768676834479732, "dummy": 0.7073328454098669, "dummy_err": 0.11635854489871397}, "TNfn3": {"af2chi": 0.5504316410873744, "af2chi_err": 0.1090785232039084, "af2chi_prior": 0.5676855758395349, "af2chi_prior_err": 0.10081651882587299, "charmm36m": 0.4936469267441165, "charmm36m_err": 0.12056404509330532, "dummy": 0.5904561616071224, "dummy_err": 0.08964984812019176}}