{"1_50": [0.3148784826460169, 0.4070861067103208, 0.3124981900692553, 0.4474543662943855, 0.5512101139439859, 0.25508830032695523, 0.6264936203828289, 0.4474543662943855, 0.3566207228650813, 0.45232851105807154, 0.3166757841261556, 0.4762602615203369, 0.6264936203828289, 0.3414234267137816, 0.38461784221857503, 0.4096374450379914, 0.44745748744503244, 0.39436553705199234, 0.2657973375956479, 0.33702050450065907, 0.3506395805116598, 0.4054712903672895, 0.6315907808728436, 0.3885138009268112, 0.4758801741390168, 0.32429296128722945, 0.6249717181331206, 0.31525375207503326, 0.3566207228650813, 0.45112402056834106, 0.33952897899798357, 0.3568833434604119, 0.3414234267137816, 0.4096374450379914, 0.3124981900692553, 0.4110663102396002, 0.45232851105807154, 0.46389034469753193, 0.416872448940675, 0.4698987170076423, 0.43858620589354674, 0.4758801741390168, 0.40100095409359277, 0.6249717181331206, 0.5512101139439859, 0.40937344580601637, 0.2531044564354316, 0.5919824638259196, 0.3506395805116598, 0.2832709127550908], "2_50": [0.34091438621374526, 0.29981497717508515, 0.2803719957449487, 0.3656955133966929, 0.3798395766944296, 0.28533952886486974, 0.36087327698028393, 0.3620515944661417, 0.2545008786220805, 0.2696564050590387, 0.2761259550289633, 0.3443608767138742, 0.18869728515358, 0.24841633577101946, 0.454028302658717, 0.3108340157866209, 0.25707109131739464, 0.40732872583782626, 0.3282849832609968, 0.39570559142491274, 0.3665854374347981, 0.2453494409607659, 0.3190746840296416, 0.37716809786732985, 0.5028644467320602, 0.29426080568701196, 0.3376950126646314, 0.37025156819156824, 0.2772857231003517, 0.311331465704483, 0.4156625410666038, 0.3394997061611326, 0.4055980636230739, 0.3020058820157549, 0.3117088176277164, 0.36897944048056275, 0.3284928646589907, 0.29040301340467684, 0.33209460552577547, 0.37231637714819077, 0.42283776734278267, 0.3090209655031306, 0.33970059797097696, 0.2390219983634056, 0.36151312598716673, 0.41084774391678386, 0.2852400877073782, 0.36561286496835527, 0.4002456274450377, 0.3444195150854655], "3_50": [0.2640886753236827, 0.3658233471601404, 0.2996896469460425, 0.2722510775043426, 0.32634208218465316, 0.36215591172260303, 0.4213791891311285, 0.2944805249801938, 0.2790071405783384, 0.2181408607273854, 0.2809603648123252, 0.2217746376876168, 0.35585130001914544, 0.30641503507421136, 0.29615753825390984, 0.3082151269956216, 0.22455249236765215, 0.27119234452072366, 0.28136181844836883, 0.3130229544807874, 0.22157234133283837, 0.2333481592450312, 0.29470995420063834, 0.34342588841696303, 0.2671482010769684, 0.33610943106045227, 0.26843632350803825, 0.323029100161071, 0.40232120897685353, 0.31687412093957706, 0.280905304279784, 0.3155016839027615, 0.2806547116226104, 0.2698842093941542, 0.2602495745228676, 0.2678800466134726, 0.46736843038899134, 0.399901534174568, 0.3635734285982239, 0.35598973651537513, 0.3643786133144419, 0.3674435567977698, 0.2705500747239221, 0.32871534278546394, 0.2543751330831779, 0.23732238414391496, 0.22929598279064542, 0.2947749287818227, 0.4066640674760938, 0.36287887207610053], "5_50": [0.3450528445174347, 0.3224895155985136, 0.28037439756965865, 0.24437273368272477, 0.2570543315029839, 0.3096053649686452, 0.30132581845231776, 0.30140097401037547, 0.3314871619510035, 0.27759635820530604, 0.3103477201154566, 0.32255835491124357, 0.2642971448198903, 0.28669145334028057, 0.27439406899715507, 0.2848875329681706, 0.2936444897671325, 0.2898065338612795, 0.3118086643363391, 0.26062750304701154, 0.3336528846973078, 0.27490481197059585, 0.2460944291597019, 0.313491944608263, 0.3057493277819022, 0.27945686805654024, 0.2987857312412636, 0.2911350245941358, 0.3156335478501609, 0.2937532597000148, 0.31926880190012014, 0.25555330545235405, 0.2700582852437071, 0.25475080330098177, 0.28586480871860953, 0.3408361300711987, 0.29831881355151163, 0.30314718506706173, 0.27772901633291897, 0.30175481702063867, 0.3025800225448082, 0.24809569914862126, 0.29514786514174196, 0.29069382505152513, 0.24665652773771238, 0.32069640006330036, 0.33711720213418583, 0.28984307842813745, 0.28330743730961855, 0.2880555871775973], "10_25": [0.27616372920268933, 0.2761185123098706, 0.30669057993228277, 0.2717309801346838, 0.25139721587692815, 0.27342812290572616, 0.27935149924278224, 0.28967282535253014, 0.2657346027089956, 0.26446932618180635, 0.25810272091861897, 0.2296981396584444, 0.2843224821070373, 0.2848578897205977, 0.3155939928419241, 0.2547688900314453, 0.30470870006133083, 0.2592446638600947, 0.29775212215659963, 0.2714754510005953, 0.2735499032210059, 0.3229555996105585, 0.22130865037693825, 0.28504314506716166, 0.2902981317984436]}