{"1_50": [1.069522929861959, 1.1006667454845365, 1.0282602962934209, 1.163262327161138, 1.073716730026733, 1.1286589510337277, 1.4534739965264167, 1.163262327161138, 1.2106941002780351, 1.1247851305201628, 1.0831333818103774, 1.1025780899034543, 1.4534739965264167, 1.0794581824262468, 1.0771227057848032, 1.1871168265135956, 1.1721810828750945, 1.3048097328196526, 1.2116340348239791, 1.0693039170690588, 1.0613005111974632, 1.191530760862859, 1.2654910148047134, 1.044476573234715, 1.1135192626103092, 1.3468236759671048, 1.3440623031701113, 1.2993051230380666, 1.2106941002780351, 1.1996040850290792, 1.3239805060828918, 1.0294475892234003, 1.0794581824262468, 1.1871168265135956, 1.0282602962934209, 1.2008206198540738, 1.1247851305201628, 1.2579593861027283, 1.197871242085702, 1.1652873275882516, 1.2114141247896195, 1.1135192626103092, 1.1658287648391532, 1.3440623031701113, 1.073716730026733, 1.0672316452029371, 1.1885130555081327, 1.2979181071457222, 1.0613005111974632, 1.0226352139062094], "2_50": [1.0054765393263707, 1.0934466395519056, 1.002928164845519, 1.0005091125230399, 1.2264215237721252, 0.9432615749964292, 1.011955855821512, 0.9636677962658265, 1.034797611520374, 0.9729871182414337, 1.079237878031136, 1.0023857713800655, 1.029824699280356, 0.8616976528017662, 1.0369492361064616, 1.0232493456513958, 0.9385195637355594, 1.0873341195860025, 0.9461255335394213, 1.0610227888277546, 1.144403532484111, 0.9212730827288448, 0.9883300703962956, 1.0212832078767837, 1.1985950435527606, 0.9903248486096604, 1.0557040370558046, 0.961653193264366, 1.0624169319941597, 1.0358854610976247, 1.014982076196192, 0.9854564421279473, 1.00856498911314, 0.9448681528422032, 1.0010199074504385, 1.0917639013744935, 1.0939162356645666, 0.9647288499595258, 1.1199036733900316, 1.0875839645742824, 1.022811452783391, 1.0511237053631324, 1.0040864760023014, 1.0519103801571534, 0.9351783056074706, 1.0991500345594956, 0.9573208545692256, 1.0029018779595054, 0.925633090125425, 1.1022397019122767], "3_50": [0.9283382501865552, 0.9145290985514777, 1.0963041436417884, 0.9100801102323369, 0.9987584272800979, 1.0208024029848497, 0.9305239206430169, 0.9801229285002363, 0.9047551749047282, 0.8664305411161936, 1.02667342282611, 0.8773094641888154, 0.896149765716158, 0.9119585744834394, 0.9533763580193283, 0.9159096712253809, 0.929319092674949, 1.0181872639917724, 0.9503821159071142, 0.9310437931410159, 1.025925235505252, 1.0018027922989488, 0.9549659356220953, 0.9235320209593972, 0.9624751517539964, 0.8501607780054757, 1.0281412160862473, 0.9666680137992547, 1.0537214155775396, 1.033949420667526, 1.0163760796467005, 0.9386068822732594, 1.0132787309973434, 0.9520029361014232, 0.9385782392535846, 0.8130296895760759, 0.9957054368785686, 0.9325706968718372, 0.9526722466996704, 0.893303819384576, 0.968982221991716, 0.9469007607275629, 0.911423399902385, 0.8782409514080647, 0.8824747156941076, 0.9257935350685069, 1.01299529540381, 0.9499772788845787, 0.8979497854094002, 0.9176579858851557], "5_50": [0.9029100486470925, 0.8730592274548216, 0.7971178180041696, 0.8574468373095696, 0.8770352086723449, 0.9106852228302585, 0.8525101367310368, 0.8734832311262206, 0.8975725423757491, 0.9089117659075986, 0.8347262333089611, 0.9121804166515053, 0.9241255509166487, 0.9443885229886996, 0.8556564225204357, 1.003299056974885, 0.9233310152016679, 0.8533545536772844, 0.8695922294062706, 0.8424440754040801, 0.9671988100943758, 0.8741800658687325, 0.9251561181931511, 0.9350124172111766, 0.839563064786478, 0.8302182299367382, 0.9125304486300918, 0.8634019807741052, 0.897530486527477, 0.8969862409934063, 0.8590941634651921, 0.9173769904446575, 0.9347582910045745, 0.9464201219420817, 0.828856506533466, 0.9557515691718089, 0.8894165952357231, 0.91944632345252, 0.8910880107321986, 0.9350712090964993, 0.9298109859672038, 0.8877288248999796, 0.8394269072128926, 0.8550885481620782, 0.8892207961672997, 0.9267422371849221, 0.9388171305751846, 0.9458802512169467, 0.9378573279971654, 0.9260469858175921], "10_25": [0.8823758072314883, 0.8631938959147052, 0.8819258098070125, 0.800554701140016, 0.846226030412837, 0.891327854491513, 0.8179947857883627, 0.8587219869027606, 0.8348501401151777, 0.8284368576042014, 0.8755878710533934, 0.8752951658842908, 0.809219803912674, 0.8461325717903458, 0.8488980889116764, 0.888464213900041, 0.8569100953616793, 0.880283707407687, 0.7934873832306624, 0.8892942722313596, 0.8062397285683924, 0.8613009394674319, 0.8016687227518954, 0.9101221889673377, 0.8818384068096131]}