{"15_15": [1.6788750583498038, 1.62953900395915, 1.8445318600904916, 1.7639467897319538, 1.8581640596147981, 1.77497026091222, 1.8143813705615708, 1.7053382135031374, 1.6571520424185393, 2.0207854212820306, 1.7620605571956296, 1.7521055860244774, 1.8378311667616898, 1.7366207758449406, 1.8076756155754587], "20_10": [1.699847376743677, 1.8234257937173846, 1.812443401446591, 1.8882338304033444, 1.7360642931051444, 1.8860787788095807, 1.725205692153139, 1.758014133832931, 1.7036753906226276, 1.8370015003771354], "25_10": [1.7494866675379364, 1.7640464094478434, 1.731629157813693, 1.80489585834311, 1.7031682456981483, 1.7246771681852673, 1.6682444563290648, 1.7421661036908582, 1.7153732729402842, 1.7936766037014233]}