{"1_50": [2.579601578799114, 2.9847244955470025, 2.4392987664959453, 2.9065589429028686, 2.795862361386585, 2.7235348900836636, 3.037204224999285, 2.9065589429028686, 3.2688632006036635, 2.636449341433259, 2.5762725236202395, 2.9962620609901682, 3.037204224999285, 2.5599803373094914, 2.9683998164707712, 2.658075626681934, 3.1094346297798365, 2.5480650498014867, 3.353590971243275, 2.7246647018684222, 2.415936986655662, 2.454960924660546, 2.993641988807908, 2.0820868989300623, 3.0347292066157756, 3.125866389159584, 2.964204997612311, 3.0919831133660516, 3.2688632006036635, 2.612446776683431, 2.996709021835664, 2.612693839415472, 2.5599803373094914, 2.658075626681934, 2.4392987664959453, 2.722567359309666, 2.636449341433259, 2.336434978088608, 2.7634919219957497, 2.7781022558746318, 2.8403008378587007, 3.0347292066157756, 2.5672034851428545, 2.964204997612311, 2.795862361386585, 2.8701177621998504, 2.9907694140486076, 3.0722372616405855, 2.415936986655662, 2.3205586493257138], "2_50": [2.10822489071335, 2.559631894678521, 1.9369266330800825, 2.5412455305308677, 2.4862999464470508, 2.446051544355719, 2.324795336101792, 2.022606292576906, 2.6447585637512194, 2.065601191796639, 2.285052801983806, 2.3933111345043176, 2.1078846562346194, 2.1669813754708884, 2.3571825194706806, 2.2985358815656576, 2.5203655243111505, 2.4089373514842016, 2.041155623144761, 2.131070545988456, 2.297986396609242, 2.200263304879685, 2.3160857997514035, 2.230683360139114, 2.4999552445449678, 2.3440614356531553, 2.250571380301912, 1.9375573481514647, 2.2461307802365997, 2.4971056344835625, 2.3698338530223184, 2.5691650858643063, 2.5178195168173665, 2.5027385236804096, 2.249430495061538, 2.230865761038944, 2.5501902204343416, 1.9953646578694708, 2.2313539012692383, 2.3222925982087705, 2.379324670392915, 2.7562860774754157, 2.152394172939958, 2.4727699604665134, 2.3709464745637003, 2.2991213434612128, 2.0613236588082464, 2.340723726973597, 2.0636363420547243, 2.0689222954652555], "3_50": [2.200991616991459, 2.1301374288013135, 2.5439832721422055, 1.9838263084556598, 2.4121441582485637, 1.8987456231476478, 1.9341098493929723, 2.3541645076133326, 2.221623918771788, 1.9612702819115282, 2.324696026959986, 1.9523351979104426, 2.0290897195367905, 2.055555082484357, 2.028087661819681, 2.235549433656072, 2.035775006542266, 2.0395774717670685, 2.1611459671440416, 1.9077785984684061, 2.4843413668685645, 2.2764676108111246, 1.9852852615860335, 1.835817330881538, 2.149060008526816, 2.0315278313150076, 2.3045854210596235, 2.2321535670122157, 1.9499769569936785, 2.240026991160654, 2.1386543822563406, 2.343480152414118, 2.3937305810858427, 2.068989357880524, 2.134650410183791, 2.0413232877826006, 2.2548327838307674, 2.1488036245208373, 1.9717250740659114, 2.1814454476024414, 2.0690851348313624, 2.023243993682173, 2.126736108014477, 2.1564850387508363, 2.0151715719699714, 2.1274892617034236, 2.191223561618841, 2.2261707411662166, 2.0492650175673233, 2.167712685926728], "5_50": [1.9260199234978541, 1.915651903189829, 1.926528115914331, 1.6548513326494958, 2.085157694780414, 1.9459383702058717, 1.9671619466727008, 1.9711294960283483, 1.9772874600815822, 2.1032966525802577, 1.869098591948305, 2.0798640049607484, 2.1189366983048443, 1.9529251918207657, 1.8362539806744578, 1.9864460266239001, 2.00590043845287, 1.8902633908797564, 1.9401163378541544, 1.7565525944357405, 2.0603597693702658, 2.1094615836793675, 1.9402757642341217, 2.053305700204859, 1.9301381919129503, 2.0052738033184503, 2.09906754918726, 1.8266126693408091, 1.7606458593469139, 1.84891938663866, 2.076192038308269, 1.9595144046862158, 1.999414951735284, 1.8710420389290094, 2.1592406051422097, 2.1727489293628914, 2.250493758841315, 2.0339517296431104, 1.7842801063888287, 1.9772884574740877, 2.1374746681298062, 1.799129988222826, 2.0749682804862744, 1.9120639491571498, 1.929256052025589, 2.0266463080219967, 2.3295406561154697, 1.9897865678862972, 1.8132577765315379, 2.1346634768498562], "10_25": [1.8792522723177956, 1.7661733972916471, 1.8163482578199956, 1.6352547158489812, 1.904081362982541, 1.8080509052740328, 1.7352356690156099, 1.7503076714259374, 1.8616580237543503, 1.733273127473352, 1.8187707920277274, 1.861745554458106, 1.7704238736797677, 1.6722998786463452, 1.8245871579343482, 1.6790803898547753, 1.842529118912483, 1.8015260341705772, 1.7277252152038582, 1.9340445399304613, 1.7200048530875807, 1.8140099066171744, 1.7753175140171815, 1.866886046464858, 1.8952861259053098]}