{"15_15": [0.3072771094350175, 0.28319388714023747, 0.21235907975838483, 0.22635979400197706, 0.2991797283973991, 0.257744233000689, 0.23799897019324048, 0.22004780029543655, 0.24990447290011233, 0.2781039761092303, 0.2698432224256372, 0.29596037818695015, 0.23961387063498107, 0.2777247256100978, 0.281202989027439], "20_10": [0.24990199876667926, 0.2863664997043043, 0.2544372541963057, 0.24018965604321263, 0.23000274859233155, 0.24098050963203035, 0.2762988016077019, 0.26939453720479184, 0.2394203127760321, 0.2657629025047937], "25_10": [0.2609033652352653, 0.26079648794244387, 0.2623792963482498, 0.2514024546387027, 0.2603229295079326, 0.2663300747192458, 0.25056490898591505, 0.2662576225459231, 0.262842271362747, 0.277910300440282]}