{"1_50": [2.167758720770028, 2.612891444680181, 3.488061705704264, 2.349944255065502, 2.0599248378378268, 2.4044073570883806, 1.7568545183631952, 2.6100826661673118, 2.329198405608536, 2.324772888521134, 2.683833317093692, 1.8683550013364805, 2.4315998664087033, 1.774536959976777, 3.488061705704264, 1.7364216641028012, 2.8159761209054155, 2.648092269118482, 2.295466655568415, 2.3941456595004253, 2.0599248378378268, 3.078876451917735, 3.0388850775093226, 1.2000284198155438, 3.604249565462031, 1.2337949485228676, 2.245670585917519, 2.472752731018254, 2.167758720770028, 2.1159931140643575, 2.513769121302352, 2.1159931140643575, 1.1425455314085617, 1.7619817152958885, 2.62010885329508, 3.078876451917735, 2.472752731018254, 3.2899328211112815, 2.4231783811965473, 2.8159761209054155, 1.8816499376297648, 2.324772888521134, 2.3760772031885757, 3.488061705704264, 2.654842774837902, 2.3980086171705466, 2.34149567258231, 2.8159761209054155, 1.5951104268491625, 2.799914949480015], "2_50": [1.5853938506552265, 1.9650378614264286, 2.0055771596607435, 2.069396369615815, 1.6271974677362306, 1.8587971034081026, 1.6968566921445007, 1.831462865475099, 1.9878947828127176, 2.2915785235766877, 1.8081364700465163, 1.9472481186623416, 1.6340993556765986, 2.1587171727166, 1.5751886515447089, 1.5584528701366545, 2.098431017669173, 1.742023687584786, 1.667559568414625, 2.0128748498508986, 1.8647961578181598, 1.8046481494185764, 1.7526817700810042, 2.15441331119567, 1.92050495361258, 1.626573996140066, 1.731434411355014, 2.110175708886597, 2.0869123427187506, 1.8545210290838394, 1.828751486924003, 1.404087212741434, 1.760944826364557, 1.906081288888988, 1.6535060785997246, 2.1981303183690533, 1.5327234314892446, 1.6444697299501911, 1.8491564531784142, 1.5474052322676197, 1.7820193747014115, 2.0659242446630843, 1.6641394273756582, 1.8037452139521792, 2.0676822479616437, 2.117087048243258, 1.9104986408987854, 2.099412113568633, 1.3144304380324399, 2.0147434371431934], "3_50": [1.585686254452576, 1.7802788686923965, 1.974671297840919, 1.9000727481128892, 1.5025063444873266, 1.6476852089606155, 1.7079915181130534, 1.688011709926296, 1.85075941167448, 1.7180442656060402, 1.8093712247296132, 1.7961293752333176, 1.7883232095120583, 1.6919641086977917, 1.7480921494424155, 2.221714076677723, 2.023848082696266, 1.938196045043506, 1.8112168557770598, 1.7154341681055736, 1.762287662085883, 1.702396578143814, 1.8094625139704947, 1.6550371327173667, 1.710162749875927, 1.8717312838692022, 2.2147282549641294, 1.7099180265521925, 1.577329250898199, 1.7347910003013665, 1.668015855544176, 1.8876613134526232, 1.595955662739465, 1.4603093641499956, 1.5785840797874406, 1.5010515161225104, 1.6106089876159273, 1.6223808261545678, 1.8876515089530377, 1.6102933448035266, 1.9104131070839165, 2.0550915092873456, 1.5551743390153145, 1.9932746507737922, 2.0485793256436855, 2.145841636305231, 1.63548209677056, 1.4610387948904588, 1.6818727552319523, 1.9500213951840293], "5_50": [1.699028475982429, 1.9531540161705083, 1.6992807018017697, 1.4560747936840226, 1.5976813714440605, 1.8235036735062944, 1.8336072509160934, 1.4367405308165453, 1.6385662601694078, 1.705507864451896, 1.673693857545445, 1.748518988590455, 1.5482000089237613, 1.5334732536853597, 1.6527419038722952, 1.577884154075816, 1.7857185303274363, 1.4589377258252763, 2.1407102511619662, 1.6943381806489781, 2.0749466298626453, 1.4556928633046757, 1.7276991001936612, 1.5875572160275435, 2.004546879890781, 1.649121561782674, 1.8319751146702652, 1.709118348695631, 1.683984330661527, 1.5792249028897478, 1.7077392651600312, 1.3244685801081186, 1.8683794088542272, 1.492320733364229, 1.5171513216393333, 1.5805733074016013, 1.5672648718777091, 1.5835187358756844, 1.7345284073546552, 1.5582902571640647, 1.724463232340942, 1.496743791259115, 1.5313026202414184, 1.8308459299986068, 1.7168512288283377, 1.698216448451729, 1.5576016155999841, 1.6124167554486688, 1.9619558961181098, 1.5651962769367433], "10_25": [1.4467334697369074, 1.5540409530507806, 1.484741678514914, 1.6076680124364164, 1.5348864461083536, 1.5064441739377354, 1.5050726423689431, 1.58419463600363, 1.5461769833473802, 1.427674474986908, 1.4877607922131997, 1.4443275918302765, 1.5454954300951964, 1.477919238647253, 1.3336661446381974, 1.5776554344488163, 1.4106984544931258, 1.4925092904850632, 1.4716986312769758, 1.3604005732156452, 1.552849828983742, 1.5101796712892892, 1.6224684093455588, 1.5952335990020596, 1.4381494635393648], "15_25": [1.4121485535074618, 1.5556171271784565, 1.5053673874469815, 1.655730897540167, 1.486450090294722, 1.4860649834529436, 1.4681639268182316, 1.53544836530822, 1.5612507144777439, 1.4099805060661128, 1.4817532568627694, 1.3475166664843254, 1.387299616763159, 1.3415838468188177, 1.4870724599159757, 1.461687130585278, 1.4283684715102132, 1.4964329603620763, 1.4694999667575193, 1.415293126851686, 1.4010146487723079, 1.4012732089365352, 1.5247713693693308, 1.4374942839065834, 1.4599732015839728], "20_10": [1.4281934831785645, 1.4600047845945123, 1.4097023580086383, 1.4643562230507277, 1.4842055791978552, 1.4362592870728959, 1.4203574376151813, 1.4372425604399577, 1.516135795153673, 1.4309312177982265], "25_10": [1.4531074842611564, 1.5192240491805862, 1.4373561297474908, 1.4743419737005306, 1.4705711436293947, 1.447457549182416, 1.5144632993214244, 1.3968376115428254, 1.4975522566819122, 1.4781367475595055], "50_5": [1.4041762252410523, 1.4078555558623198, 1.4083808646192195, 1.4120474064515258, 1.4439561918789316]}