{"15_25": [1.4993580447149992, 1.4228675973394473, 1.4838355757648454, 1.4737444609750272, 1.4365220424384997, 1.3766250625077874, 1.4342007825445569, 1.5107447450757767, 1.4189414883065916, 1.5525070338160705, 1.4735584116914229, 1.5423616136954854, 1.5116361246910544, 1.5821849617954227, 1.4579394291626764, 1.4448356833307066, 1.5777151533532154, 1.5171946998945947, 1.5131523293731688, 1.569133653645076, 1.3960057349539092, 1.5873809222272761, 1.4527296726918046, 1.4731240962779701, 1.3476652412815233], "20_10": [1.6248741187920093, 1.4509539139920515, 1.4638084331559296, 1.466929783635628, 1.3223009343705816, 1.4707326039709832, 1.4839626353596056, 1.4909145351690836, 1.376853326945737, 1.4953781765887189], "25_10": [1.4589210043298106, 1.5236743513981872, 1.4596340203381204, 1.4624408191964016, 1.4539676190042299, 1.4387962293083152, 1.444953539549514, 1.5108794790548423, 1.4871571480061652, 1.4461712939728388], "50_5": [1.3791544065478345, 1.4185804681104415, 1.384415145737658, 1.434848444673057, 1.4094540692376536]}